"ias","iats","lpa_profile","CPROB1","CPROB2","CPROB3","kmeans_cluster"
77,47,2,0.130557225197262,0.866500386724149,0.00294238807858934,3
52,49,2,0.0203243418806935,0.978235810947553,0.00143984717175381,3
84,39,1,0.682175461508824,0.317674126322166,0.000150412169010178,2
80,50,2,0.0704297384489405,0.920545695412115,0.00902456613894418,1
75,41,2,0.422828483466663,0.576876139221425,0.000295377311911208,3
89,65,3,0.000766939180651933,0.417126054307682,0.582107006511666,1
83,55,2,0.0205714156494649,0.931735180653286,0.047693403697249,1
90,42,1,0.563377690034047,0.435915015993525,0.000707293972428693,2
73,47,2,0.10698269487656,0.890610969023632,0.00240633609980736,3
65,57,2,0.00436197891448815,0.963739021028704,0.0318990000568078,3
72,82,3,6.99345627973484e-08,0.0121472019769918,0.987852728088445,1
83,31,1,0.951105093028183,0.048892863396488,2.0435753290966e-06,2
63,23,1,0.983623939683812,0.0163760399129488,2.04032395288917e-08,3
85,47,2,0.190799931123552,0.804882991516223,0.00431707736022499,2
79,21,1,0.996192153592485,0.00380783986287655,6.54463817557795e-09,2
76,23,1,0.992091194475909,0.00790878481292414,2.07111669558508e-08,2
60,43,2,0.151117872350795,0.848548647248896,0.000333480400308723,3
80,44,2,0.293857506759893,0.704974207576295,0.00116828566381201,2
86,43,2,0.436748451296824,0.562275319644536,0.000976229058640187,2
77,58,2,0.00614869059833431,0.913161006617286,0.08069030278438,1
74,48,2,0.0871468387567529,0.909354637740747,0.00349852350250057,3
73,32,1,0.892730430575147,0.107266164417177,3.40500767550247e-06,2
71,76,3,2.11956597982754e-06,0.0715122027439342,0.928485677690086,1
83,42,2,0.464779407750658,0.534639093632422,0.000581498616920196,2
65,40,2,0.355533644204012,0.644327815360289,0.000138540435698437,3
68,46,2,0.107030465513269,0.891623353433354,0.00134618105337661,3
86,73,3,1.191685093568e-05,0.0736450127040193,0.926343070445045,1
80,38,1,0.694223279268958,0.305691085311048,8.56354199943767e-05,2
82,58,2,0.00793420533851219,0.887686946181808,0.10437884847968,1
78,35,1,0.825557449374329,0.174424630361128,1.79202645428222e-05,2
70,48,2,0.0707788283979278,0.926385341296829,0.00283583030524279,3
68,50,2,0.0371459727008427,0.958122371690878,0.00473165560827904,3
75,54,2,0.017852642775328,0.959036942256535,0.0231104149681366,1
105,30,1,0.988976865045076,0.0110219308023225,1.20415260124674e-06,2
93,26,1,0.992946745472599,0.00705313585570301,1.18671697736045e-07,2
73,28,1,0.962642613532957,0.0373570239257276,3.62541315898128e-07,2
66,47,2,0.0746347629211306,0.92369227766093,0.0016729594179399,3
80,56,2,0.0130992964793254,0.932803324184666,0.0540973793360087,1
93,43,1,0.535269086049609,0.46353033417421,0.00120057977618022,2
92,55,2,0.032753034864919,0.89097370071061,0.0762732644244714,1
91,61,2,0.00429439186920751,0.67354948882696,0.322156119303832,1
66,56,2,0.00615433308872608,0.968604336365427,0.0252413305458475,3
81,68,3,0.000158974948543517,0.317522727965659,0.682318297085798,1
71,74,3,6.37653708679616e-06,0.122264532832386,0.877729090630528,1
70,33,1,0.84110136449767,0.158892920976359,5.71452597135562e-06,3
73,49,2,0.0636130468382698,0.931833492213276,0.00455346094845379,3
72,52,2,0.0266024840839193,0.962592322672242,0.0108051932438382,3
87,51,2,0.0775690829465921,0.904638549112183,0.0177923679412246,1
97,33,1,0.960675687891917,0.039317697736049,6.61437203428386e-06,2
78,66,3,0.000371330123084709,0.499566934606701,0.500061735270214,1
79,40,1,0.549338373899559,0.450446083662315,0.000215542438126345,2
94,38,1,0.833780265338638,0.166116172076959,0.000103562584402894,2
64,53,2,0.0129469430026733,0.977708873914348,0.00934418308297816,3
92,29,1,0.982755654644174,0.0172436788841808,6.66471645496846e-07,2
68,55,2,0.00915417947752492,0.969778830944252,0.0210669895782233,3
78,47,2,0.137099500861696,0.859809143383297,0.00309135575500732,1
91,80,3,2.21531579496242e-07,0.00745368098965078,0.99254609747877,1
69,37,1,0.617637655754847,0.382319866945558,4.24772995958088e-05,3
78,58,2,0.0064740135257836,0.908524527576254,0.0850014588979622,1
76,66,2,0.000350497807740251,0.528107260389003,0.471542241803257,1
73,48,2,0.0827606998172388,0.913918496206786,0.00332080397597524,3
76,50,2,0.0570701378992887,0.935631542287447,0.00729831981326393,1
81,63,2,0.00137957790512059,0.670885372732301,0.327735049362578,1
103,40,1,0.825797404789064,0.173874723387158,0.000327871823777503,2
105,79,3,3.9363864517834e-07,0.00451752725745565,0.995482079103899,1
91,45,2,0.368498939744342,0.628873336990218,0.00262772326544042,2
97,25,1,0.995748937304675,0.0042509958530833,6.68422415507859e-08,2
72,29,1,0.948336313516251,0.0516630496632047,6.36820544594375e-07,2
99,44,1,0.548927718974062,0.448869380996861,0.00220290002907727,2
76,25,1,0.986166625503124,0.013833308979584,6.55172924501123e-08,2
97,37,1,0.887476719626589,0.112461396979988,6.18833934231417e-05,2
65,53,2,0.0136836804198229,0.976435542579219,0.00988077700095752,3
78,45,2,0.218762153418688,0.779687843231656,0.00155000334965661,2
89,44,2,0.4090226653122,0.589343958271077,0.00163337641672218,2
76,44,2,0.249183133067624,0.749828143989684,0.000988722942692012,3
77,42,2,0.382090329440841,0.617433038312175,0.000476632246983716,2
74,65,2,0.000493452229717679,0.627735182365849,0.371771365404434,1
56,48,2,0.0333696648828657,0.965302538046004,0.00132779707113049,3
65,37,1,0.562906463936826,0.43705489909135,3.86369718242282e-05,3
86,48,2,0.158027291529818,0.835591041753823,0.00638166671635885,2
81,53,2,0.0327270429500058,0.943454145173169,0.0238188118768256,1
82,71,3,3.47409922915615e-05,0.153042868611164,0.846922390396544,1
77,60,2,0.00328851314751499,0.859373412451664,0.137338074400821,1
91,27,1,0.989557172989182,0.0104426162400981,2.10770719962964e-07,2
74,65,2,0.000493452229717679,0.627735182365849,0.371771365404434,1
82,57,2,0.0107854829534173,0.90967694509545,0.079537571951133,1
92,32,1,0.960652431105781,0.0393438703449238,3.69854929564614e-06,2
71,65,2,0.000442268468048552,0.666841045526807,0.332716686005145,1
73,56,2,0.00901055952808876,0.953905872661386,0.0370835678105249,1
66,35,1,0.705732129588853,0.294252641524954,1.52288861924502e-05,3
65,32,1,0.841011291825708,0.15898551305552,3.19511877226091e-06,3
75,64,2,0.00075203005479713,0.681484655206452,0.317763314738751,1
77,63,2,0.00117915590212969,0.719250178863485,0.279570665234385,1
74,48,2,0.0871468387567529,0.909354637740747,0.00349852350250057,3
61,33,1,0.760720434943443,0.239274419524271,5.14553228585269e-06,3
82,42,2,0.450734572137497,0.548701779037041,0.000563648825461756,2
88,42,1,0.535381221398492,0.463947295168206,0.000671483433302688,2
88,29,1,0.978464766774696,0.0215345709706343,6.62254670419226e-07,2
78,29,1,0.962667131577362,0.0373322200640597,6.48358578247152e-07,2
91,54,2,0.0416543771233596,0.903996689386285,0.0543489334903552,1
75,53,2,0.0236839081344393,0.959129796812533,0.0171862950530275,1
74,32,1,0.898035530342856,0.10196104272624,3.42693090471129e-06,2
102,36,1,0.932831019420655,0.0671324283258007,3.65522535439494e-05,2
93,30,1,0.978478782785169,0.0215200328706136,1.18434421790976e-06,2
79,55,2,0.016631962405548,0.944883936692606,0.0384841009018454,1
90,76,3,2.20420855294878e-06,0.0253486176030151,0.974649178188432,1
83,37,1,0.781163754120958,0.218782150243647,5.40956353948343e-05,2
68,47,2,0.082829726919991,0.915311789954573,0.00185848312543654,3
65,53,2,0.0136836804198229,0.976435542579219,0.00988077700095752,3
84,32,1,0.939461855597741,0.0605345416723882,3.60272987062998e-06,2
85,36,1,0.841354979936187,0.158612327331158,3.26927326549864e-05,2
71,60,2,0.00244053429872437,0.895936502418871,0.101622963282404,1
72,27,1,0.969969599206497,0.0300301961206984,2.04672805051519e-07,2
95,24,1,0.996408488182868,0.00359147436003672,3.74570952404949e-08,2
84,49,2,0.112013825202744,0.87992456376224,0.00806161103501579,1
76,38,1,0.6441462570494,0.355774441257672,7.9301692927149e-05,2
68,69,3,7.60926517185415e-05,0.421036050320636,0.578887857027645,1
81,46,2,0.199937962989513,0.797531141244257,0.00253089576622989,2
84,27,1,0.984553668660403,0.0154461223569246,2.08982672277656e-07,2
79,24,1,0.991156866376675,0.00884309665635006,3.69669753430164e-08,2
92,41,1,0.65723433408902,0.342302675105695,0.000462990805284396,2
84,52,2,0.0506472784297769,0.928659156160103,0.0206935654101202,1
80,30,1,0.956084213033885,0.0439146371199481,1.14984616655106e-06,2
78,50,2,0.0634261181903797,0.92845473779324,0.00811914401638043,1
78,51,2,0.0484350134420195,0.940504407351571,0.0110605792064094,1
70,48,2,0.0707788283979278,0.926385341296829,0.00283583030524279,3
78,30,1,0.951073869161443,0.048924988145207,1.14269335003783e-06,2
101,39,1,0.848902250032086,0.150909001345664,0.000188748622249876,2
73,44,2,0.218793958636416,0.780339181131857,0.000866860231727691,3
82,43,2,0.382109407762443,0.617038175832333,0.000852416405223572,2
84,40,1,0.618002110172731,0.381754807619715,0.000243082207554187,2
83,36,1,0.825645070775229,0.174322878548194,3.20506765770934e-05,2
77,39,1,0.590833355050383,0.409036821429292,0.000129823520324329,2
82,29,1,0.970009313963788,0.0299900314432824,6.54592929301361e-07,2
83,63,2,0.00148587287447912,0.645179291160106,0.353334835965414,1
79,29,1,0.964650443972334,0.0353489060129963,6.50014669514468e-07,2
76,51,2,0.0435248063625859,0.946545698919848,0.00992949471756615,1
82,56,2,0.0145525372278323,0.925289223292757,0.0601582394794109,1
62,41,2,0.259739861864939,0.74007984941026,0.000180288724800671,3
76,64,2,0.000781228160057358,0.668955315862334,0.330263455977609,1
87,41,1,0.590997909769766,0.408586784706075,0.000415305524159253,2
96,53,2,0.0711325379183506,0.876712850816167,0.0521546112654819,1
71,50,2,0.0436875021546605,0.950739346684707,0.0055731511606329,3
82,55,2,0.01951228001768,0.935272142074661,0.0452155779076592,1
72,39,1,0.521050852912109,0.478834938666901,0.000114208420990398,3
72,54,2,0.0151600067834115,0.965244219843464,0.0195957733731242,3
78,45,2,0.218762153418688,0.779687843231656,0.00155000334965661,2
83,37,1,0.781163754120958,0.218782150243647,5.40956353948343e-05,2
81,26,1,0.986175979685856,0.0138239031467547,1.17167389628266e-07,2
82,32,1,0.932688811668349,0.0673076151000021,3.57323164854435e-06,2
91,31,1,0.968357693697601,0.0316402174366558,2.08886574309217e-06,2
89,38,1,0.790770657467719,0.209131363881721,9.79786505600528e-05,2
77,60,2,0.00328851314751499,0.859373412451664,0.137338074400821,1
87,44,2,0.382015209037886,0.616460768331583,0.00152402263053074,2
98,76,3,2.21614461669113e-06,0.0161989319438615,0.983798851911522,1
74,40,2,0.478732728133232,0.521079895155632,0.000187376711135615,3
65,44,2,0.151166565360878,0.84823687080296,0.000596563836162289,3
72,63,2,0.000954930075547082,0.773194296512399,0.225850773412054,1
57,60,2,0.00117134828032402,0.950389561835184,0.0484390898844915,3
67,51,2,0.0267119773857074,0.967221082734327,0.00606693987996547,3
80,33,1,0.903164603448463,0.0968292300406536,6.16651088366244e-06,2
78,34,1,0.862597925214024,0.137391578656193,1.04961297829571e-05,2
80,54,2,0.0233825731641721,0.946273771906929,0.0303436549288989,1
71,62,2,0.00128290698032027,0.828714802278106,0.170002290741574,1
76,53,2,0.0250044829022914,0.956841997210187,0.0181535198875219,1
96,39,1,0.808932765632117,0.190887815475189,0.000179418892693978,2
71,46,2,0.124359557583894,0.874073989144787,0.0015664532713192,3
65,23,1,0.985352327438254,0.0146476521024954,2.04592509229223e-08,3
77,26,1,0.982721098542888,0.0172787849301758,1.16526935759669e-07,2
82,55,2,0.01951228001768,0.935272142074661,0.0452155779076592,1
91,21,1,0.998066800469872,0.00193319293427437,6.59585346555420e-09,2
80,75,3,3.81787875041093e-06,0.0583218865303833,0.941674295590866,1
98,26,1,0.994677203532115,0.0053226772960239,1.19171861653542e-07,2
83,50,2,0.0822638443301605,0.907179618682916,0.0105565369869231,1
86,41,1,0.577251640988577,0.422342913154282,0.000405445857141797,2
60,34,1,0.693691086281785,0.30630054741501,8.36630320476228e-06,3
77,54,2,0.0198960062010524,0.954323022201288,0.0257809715976593,1
64,66,2,0.000231919580139549,0.689595181215392,0.310172899204468,3
89,30,1,0.973152846342689,0.0268459780797161,1.17557759461176e-06,2
84,58,2,0.00876687958945445,0.875786226898751,0.115446893511795,1
87,40,1,0.657213264859815,0.342527847241587,0.000258887898598351,2
96,82,3,6.97443210187941e-08,0.00311066540937954,0.996889264846299,1
83,46,2,0.218612540300109,0.778617444124001,0.00277001557589042,2
87,55,2,0.0253597780656046,0.915729292456945,0.0589109294774503,1
77,30,1,0.948369615995221,0.0516292451220428,1.13888273668752e-06,2
85,47,2,0.190799931123552,0.804882991516223,0.00431707736022499,2
81,68,3,0.000158974948543517,0.317522727965659,0.682318297085798,1
51,37,2,0.368176180682185,0.631798722103174,2.50972146405486e-05,3
80,49,2,0.0915323431185993,0.901893069477101,0.00657458740429994,1
75,39,1,0.563197914656137,0.436678456083709,0.000123629260153659,2
80,43,2,0.355774827413699,0.643432285870781,0.000792886715519993,2
100,22,1,0.998459211319702,0.00154077685683469,1.18234630562549e-08,2
67,53,2,0.0152818373956458,0.973672496943924,0.0110456656604299,3
76,45,2,0.200051082061332,0.798532885482787,0.00141603245588039,3
81,46,2,0.199937962989513,0.797531141244257,0.00253089576622989,2
80,31,1,0.942568498462563,0.0574294792967283,2.02224070899626e-06,2
76,36,1,0.761078337608813,0.2388922198924,2.94424987865653e-05,2
91,52,2,0.072761362349729,0.897406900942889,0.0298317367073816,1
74,39,1,0.549219882054423,0.450659616457331,0.000120501488246073,3
75,51,2,0.0412493960117426,0.949344845498725,0.00940575848953197,3
74,52,2,0.0296603192657646,0.958280596967606,0.0120590837666295,3
78,49,2,0.0825965142461049,0.911476587131069,0.00592689862282584,1
74,48,2,0.0871468387567529,0.909354637740747,0.00349852350250057,3
66,49,2,0.0437663180174574,0.953111653028462,0.00312202895408072,3
77,49,2,0.078430272785688,0.915944560052435,0.0056251671618773,1
91,61,2,0.00429439186920751,0.67354948882696,0.322156119303832,1
83,62,2,0.00216622477844308,0.709077128932944,0.288756646288614,1
78,44,2,0.270944030484158,0.727979842087603,0.00107612742823917,2
86,73,3,1.191685093568e-05,0.0736450127040193,0.926343070445045,1
66,57,2,0.00460639472273206,0.961690592151809,0.0337030131254593,3
68,57,2,0.00513519664265882,0.957255715337962,0.0376090880193786,3
82,65,2,0.000638587289833072,0.516343021099287,0.48301839161088,1
86,53,2,0.0426495758178637,0.926233375142262,0.0311170490398743,1
80,24,1,0.991639809199954,0.00836015379682378,3.70032226641533e-08,2
78,24,1,0.990646288438367,0.0093536746319083,3.69297245675362e-08,2
79,59,2,0.00499162431398787,0.878035525033499,0.116972850652513,1
69,55,2,0.009670569306402,0.968063073522812,0.0222663571707857,3
68,49,2,0.0487422827688736,0.947777303097197,0.00348041413392966,3
83,50,2,0.0822638443301605,0.907179618682916,0.0105565369869231,1
91,29,1,0.981768970478757,0.0182303640468388,6.65474403755043e-07,2
56,64,2,0.000324865302523767,0.863685903234228,0.135989231463248,3
84,22,1,0.996194763663415,0.00380522463260737,1.17039773469356e-08,2
81,52,2,0.0432147358088194,0.939154592548826,0.0176306716423548,1
83,24,1,0.992937160010595,0.00706280288294046,3.71064644555137e-08,2
87,62,2,0.00252826479692993,0.659790198279629,0.337681536923441,1
74,54,2,0.0169077722526292,0.96121574260566,0.0218764851417105,1
84,34,1,0.898154990961733,0.101834047878633,1.09611596347056e-05,2
83,49,2,0.106549909927152,0.885785494808046,0.00766459526480236,1
82,46,2,0.209122858631591,0.788228674312349,0.00264846705606045,2
71,56,2,0.00808559919048759,0.958670359301124,0.0332440415083887,3
84,34,1,0.898154990961733,0.101834047878633,1.09611596347056e-05,2
74,60,2,0.00283740951145335,0.878839044745491,0.118323545743056,1
93,86,3,6.91046567042953e-09,0.00113107650293877,0.998868916586595,1
59,53,2,0.00980755956202023,0.983131465060331,0.00706097537764871,3
84,37,1,0.790690728099752,0.209254489524725,5.47823755228311e-05,2
75,52,2,0.0313126661273155,0.955950173710764,0.012737160161921,1
64,59,2,0.00229520755887408,0.944315512063565,0.0533892803775609,3
60,51,2,0.0181629261614651,0.977726040809732,0.0041110330288033,3
97,44,1,0.520880815747378,0.477030898885585,0.00208828536703727,2
80,49,2,0.0915323431185993,0.901893069477101,0.00657458740429994,1
74,56,2,0.00950998609017303,0.951331725155925,0.0391582887539017,1
71,45,2,0.15858793832237,0.840292283252106,0.00111977842552441,3
61,57,2,0.00350351149643224,0.970925897478715,0.0255705910248525,3
86,26,1,0.989550135900888,0.0104497462407233,1.17858388124285e-07,2
75,23,1,0.991634105994874,0.00836587331370328,2.06914229397672e-08,2
79,24,1,0.991156866376675,0.00884309665635006,3.69669753430164e-08,2
71,62,2,0.00128290698032027,0.828714802278106,0.170002290741574,1
93,29,1,0.983689823453823,0.0163095091121001,6.67434077133191e-07,2
100,47,2,0.353813237556396,0.638121903500446,0.00806485894315816,2
36,26,1,0.847909843468055,0.15209005800188,9.85300649098288e-08,3
85,35,1,0.875549630989257,0.124431297882366,1.90711283778882e-05,2
78,21,1,0.99597111684277,0.00402887661726811,6.53996157380572e-09,2
47,49,2,0.015393843019694,0.983518287985397,0.00108786899490866,3
62,26,1,0.960499179041912,0.0395007079051211,1.13052966632429e-07,3
76,45,2,0.200051082061332,0.798532885482787,0.00141603245588039,3
84,51,2,0.0664377259284635,0.918345673645438,0.0152166004260984,1
79,73,3,1.15400755193307e-05,0.106023499392664,0.893964960531816,1
85,50,2,0.0911167473021659,0.897179131113676,0.0117041215841578,1
62,59,2,0.00206175601831471,0.9500265828445,0.047911661137185,3
84,21,1,0.997128694215158,0.0028712992178864,6.56695588603915e-09,2
72,45,2,0.166282969308074,0.832542339301535,0.0011746913903909,3
73,38,1,0.604320184536768,0.395605526746724,7.4288716508407e-05,3
77,37,1,0.717612256414218,0.282338195650953,4.95479348288294e-05,2
62,37,1,0.520747557684384,0.479216751878163,3.56904374527492e-05,3
80,58,2,0.00717128175244416,0.898579510729306,0.0942492075182503,1
86,57,2,0.0132220730371645,0.889079274777824,0.0976986521850115,1
64,63,2,0.000662047808864549,0.843373082547821,0.155964869643314,3
81,35,1,0.848692977183374,0.151288573089785,1.84497268408572e-05,2
78,59,2,0.00474887797233287,0.884021587344344,0.111229534683323,1
72,28,1,0.96055123886447,0.0394483995601196,3.61575410873719e-07,2
70,37,1,0.630921981014494,0.369034606678663,4.34123068435121e-05,3
88,56,2,0.0198382802194848,0.897910025612781,0.082251694167734,1
66,60,2,0.00188735552778328,0.919717295755495,0.0783953487167216,3
91,49,2,0.157326439860831,0.831311674042362,0.0113618860968068,2
75,56,2,0.0100355818823817,0.948621564124792,0.0413428539928265,1
76,42,2,0.368818263802742,0.630721886693009,0.000459849504249094,2
92,35,1,0.912727459931025,0.0872525904207833,1.99496481918046e-05,2
70,52,2,0.0238488065634131,0.966474012677178,0.00967718075940895,3
80,41,2,0.492974223260365,0.506680547580842,0.000345229158792935,2
66,28,1,0.94545410005079,0.0545455451077402,3.54841469525374e-07,3
104,26,1,0.996205099030836,0.00379478126072913,1.19708434609213e-07,2
88,44,2,0.395440201729502,0.602981439770725,0.00157835849977286,2
97,61,2,0.00532226762533414,0.594229985529421,0.400447746845245,1
73,50,2,0.0486406100520626,0.945148257856734,0.00621113209120372,3
80,37,1,0.750739044628263,0.249209043471134,5.19119006024037e-05,2
71,21,1,0.994022144613241,0.00597784888207826,6.50468107280696e-09,2
82,52,2,0.0455713780635652,0.935827324870893,0.0186012970655414,1
71,39,1,0.506904319812991,0.492984627278779,0.00011105290823031,3
99,26,1,0.994968863583195,0.00503101715122595,1.19265579120141e-07,2
73,42,2,0.33023611996172,0.669352743892383,0.000411136145897234,3
63,40,2,0.330024473557677,0.669847052855985,0.000128473586337964,3
74,46,2,0.144035302862645,0.854147720086709,0.00181697705064642,3
86,56,2,0.0179104992154533,0.907903770117157,0.0741857306673898,1
86,23,1,0.995496158223273,0.00450382089178435,2.08849424800778e-08,2
84,57,2,0.0119488128670571,0.899847724224562,0.088203462908381,1
87,52,2,0.0592439450645795,0.916514225140048,0.0242418297953725,1
77,43,2,0.317887151833668,0.681405445513856,0.000707402652475826,2
79,27,1,0.979599474444889,0.0204003181358571,2.07419253369378e-07,2
102,59,2,0.0137928271769988,0.659303248449269,0.326903924373732,1
92,85,3,1.23279121868237e-08,0.00160978196186732,0.99839020571022,1
69,65,2,0.000409633836359897,0.691728226587915,0.307862139575725,1
86,41,1,0.577251640988577,0.422342913154282,0.000405445857141797,2
90,71,3,3.6662932396297e-05,0.102656100591106,0.897307236476497,1
86,59,2,0.0070010887587079,0.828369558628045,0.164629352613247,1
70,67,2,0.000192246823549674,0.539777523089989,0.460030230086461,1
68,47,2,0.082829726919991,0.915311789954573,0.00185848312543654,3
87,30,1,0.970028869443329,0.0299699599075089,1.17064916201518e-06,2
89,32,1,0.953701934666809,0.046294398969251,3.66636394024252e-06,2
77,43,2,0.317887151833668,0.681405445513856,0.000707402652475826,2
89,24,1,0.994962035981856,0.00503792672587953,3.7292264376888e-08,2
66,56,2,0.00615433308872608,0.968604336365427,0.0252413305458475,3
81,65,2,0.000620074473987753,0.530595495676647,0.468784429849366,1
90,30,1,0.974593767102472,0.0254050549988219,1.17789870586685e-06,2
75,28,1,0.966510015746037,0.0334896198971225,3.64356840085241e-07,2
67,62,2,0.00105988594601618,0.858767733007917,0.140172381046066,3
85,34,1,0.903220508069872,0.0967684635157168,1.10284144115543e-05,2
62,49,2,0.0352276740190991,0.962264342940078,0.00250798304082318,3
67,55,2,0.00866453884872855,0.971405133492144,0.0199303276591275,3
73,39,1,0.53516351055196,0.464719129858469,0.000117359589570395,3
65,46,2,0.0918590962299565,0.90698724861352,0.00115365515652377,3
73,60,2,0.00269930565642476,0.884791724565343,0.112508969778233,1
92,56,2,0.0242489414267794,0.875013851885692,0.100737206687529,1
77,42,2,0.382090329440841,0.617433038312175,0.000476632246983716,2
82,38,1,0.71772392680033,0.282187451550416,8.86216492541189e-05,2
87,38,1,0.771417533293748,0.228486980141512,9.54865647402517e-05,2
71,43,2,0.249162837190131,0.750284331611601,0.000552831198267754,3
88,42,1,0.535381221398492,0.463947295168206,0.000671483433302688,2
82,32,1,0.932688811668349,0.0673076151000021,3.57323164854435e-06,2
90,34,1,0.925306437023055,0.0746822370115371,1.13259654081639e-05,2
74,48,2,0.0871468387567529,0.909354637740747,0.00349852350250057,3
68,49,2,0.0487422827688736,0.947777303097197,0.00348041413392966,3
79,44,2,0.282260232968156,0.716618141513293,0.00112162551855123,2
73,30,1,0.936078811993327,0.0639200660980003,1.12190867286978e-06,2
84,48,2,0.143630754118646,0.850574674472007,0.00579457140934732,1
73,44,2,0.218793958636416,0.780339181131857,0.000866860231727691,3
89,76,3,2.20201297196921e-06,0.0267992804680293,0.973198517518999,1
83,44,2,0.330242358060098,0.668442758515124,0.00131488342477761,2
64,72,3,1.68618481369777e-05,0.273158558950947,0.726824579200916,3
73,71,3,3.16395251504871e-05,0.232068295677218,0.767900064797631,1
90,60,2,0.00594667397391026,0.744106033326499,0.249947292699591,1
76,48,2,0.0965508886907513,0.89956923770505,0.00387987360419844,3
55,42,2,0.15105165044578,0.848761954980404,0.000186394573815842,3
84,68,3,0.000167098400600098,0.28158753408748,0.71824536751192,1
95,38,1,0.841478478130366,0.158416951569877,0.000104570299756698,2
78,39,1,0.604449642265014,0.395417476831223,0.000132880903763913,2
83,69,3,9.96930950558474e-05,0.235839573740059,0.764060733164885,1
87,51,2,0.0775690829465921,0.904638549112183,0.0177923679412246,1
82,53,2,0.0345202653724623,0.940343424520552,0.0251363101069856,1
95,46,2,0.354918772741587,0.640557410802484,0.00452381645592881,2
80,39,1,0.631182810423955,0.368678294850077,0.000138894725968225,2
76,29,1,0.958375095598117,0.0416242595700148,6.44831868554913e-07,2
77,44,2,0.259916290985509,0.739051889962158,0.00103181905233369,2
80,60,2,0.00379782067620454,0.837359193472117,0.158842985851678,1
82,29,1,0.970009313963788,0.0299900314432824,6.54592929301361e-07,2
90,90,3,6.83844366577834e-10,0.000410754336866944,0.999589244979289,1
72,67,2,0.000203945820717226,0.511289772149651,0.488506282029631,1
88,40,1,0.66984920027521,0.329886804211958,0.000263995512831432,2
99,49,2,0.225681114206632,0.757956127703488,0.0163627580898794,2
71,48,2,0.0745838947881158,0.922426347461039,0.00298975775084533,3
89,71,3,3.64609070432719e-05,0.108040528033738,0.891923011059219,1
84,49,2,0.112013825202744,0.87992456376224,0.00806161103501579,1
97,29,1,0.986953468469647,0.0130458605602588,6.70970094641398e-07,2
93,57,2,0.0186411088217037,0.843142589967623,0.138216301210673,1
74,48,2,0.0871468387567529,0.909354637740747,0.00349852350250057,3
85,25,1,0.991645495775948,0.00835443804984679,6.61742050564857e-08,2
89,32,1,0.953701934666809,0.046294398969251,3.66636394024252e-06,2
69,54,2,0.0128608753147515,0.970539765436575,0.016599359248673,3
81,32,1,0.929044298681725,0.0709521438031492,3.55751512590376e-06,2
89,43,2,0.478825000349475,0.520103136375718,0.00107186327480637,2
89,21,1,0.997835392575804,0.00216460083636941,6.58782644306613e-09,2
61,41,2,0.248999587288768,0.750827664118993,0.000172748592239563,3
94,24,1,0.996199963089031,0.00379999948016768,3.74308014371224e-08,2
77,62,2,0.00168424278340565,0.774470069262272,0.223845687954322,1
103,71,3,3.85006960305034e-05,0.0516183968939537,0.948343102410016,1
82,37,1,0.771328414057749,0.228618197727286,5.3388214964915e-05,2
61,36,1,0.576631419412208,0.423346437788341,2.21427994507041e-05,3
84,77,3,1.23776063585126e-06,0.02652510150742,0.973473660731944,1
96,32,1,0.968377222655511,0.0316190416962119,3.73564827752037e-06,2
74,21,1,0.994951685150396,0.00504830832920547,6.52039876114756e-09,2
81,36,1,0.808732763922185,0.191235872853581,3.13632242337924e-05,2
74,37,1,0.681946944870895,0.318006039301853,4.70158272523648e-05,2
96,33,1,0.958479298834724,0.0415141051677488,6.59599752672974e-06,2
89,54,2,0.0375809144183958,0.913433356016379,0.0489857295652252,1
84,65,3,0.000675632528671562,0.487781431213462,0.511542936257866,1
72,57,2,0.00637130223865341,0.946874542011299,0.0467541557500481,3
70,21,1,0.993675943248326,0.00632405025246284,6.49921122553893e-09,2
80,24,1,0.991639809199954,0.00836015379682378,3.70032226641533e-08,2
73,66,2,0.000319468496130235,0.570518671220948,0.429161860282921,1
72,37,1,0.656887584977306,0.34306717150087,4.52435218235619e-05,3
74,51,2,0.0390868877420467,0.952004844775056,0.0089082674828974,3
95,42,1,0.631250048644152,0.367955491243942,0.000794460111905776,2
85,62,2,0.00234355279488959,0.684953945558621,0.31270250164649,1
95,54,2,0.0509957869081789,0.882335669562284,0.0666685435295375,1
85,54,2,0.0304989531254148,0.929824772792641,0.0396762740819443,1
72,59,2,0.00349822545134446,0.91480733960914,0.0816944349395153,1
73,45,2,0.17427338392296,0.824494870104879,0.00123174597216051,3
74,54,2,0.0169077722526292,0.96121574260566,0.0218764851417105,1
100,24,1,0.997291958126717,0.0027080042904642,3.75828191381302e-08,2
62,42,2,0.209167220598502,0.790573779308293,0.000259000093205419,3
82,43,2,0.382109407762443,0.617038175832333,0.000852416405223572,2
59,31,1,0.833195287613419,0.166802943209847,1.76917673441209e-06,3
78,71,3,3.34932707169499e-05,0.185069603664648,0.814896903064635,1
86,55,2,0.0240755389371152,0.920024388444726,0.0559000726181589,1
76,62,2,0.00161167265359159,0.784293190452581,0.214095136893827,1
82,36,1,0.817340904819727,0.182627382498358,3.17126819150191e-05,2
71,33,1,0.848526549044444,0.151467683139779,5.76781577661087e-06,3
86,58,2,0.00967319949835414,0.86281936873498,0.127507431766666,1
79,28,1,0.973117574120852,0.0268820583073588,3.67571789037932e-07,2
70,60,2,0.00231953032171516,0.90114366468982,0.0965368049884648,3
62,50,2,0.0267656997305372,0.969834952782518,0.00339934748694501,3
61,43,2,0.158526083560257,0.841123915438914,0.000350001000829431,3
81,55,2,0.0185040352989586,0.938637911230247,0.0428580534707948,1
68,36,1,0.669398622810456,0.330575583257992,2.5793931552017e-05,3
78,65,2,0.000564940305427643,0.572963897819621,0.426471161874951,1
76,53,2,0.0250044829022914,0.956841997210187,0.0181535198875219,1
83,40,1,0.604551119287631,0.39521120644095,0.000237674271419549,2
78,34,1,0.862597925214024,0.137391578656193,1.04961297829571e-05,2
71,44,2,0.200065748521434,0.799142373341379,0.000791878137187417,3
76,40,1,0.507032257972829,0.492769093098205,0.000198648928965524,2
66,47,2,0.0746347629211306,0.92369227766093,0.0016729594179399,3
95,31,1,0.974609932157447,0.0253879613407202,2.10650183285403e-06,2
79,33,1,0.898096234841365,0.101897636274694,6.12888394093208e-06,2
72,70,3,5.14113802611567e-05,0.300841660736144,0.699106927883595,1
82,53,2,0.0345202653724623,0.940343424520552,0.0251363101069856,1
77,41,2,0.450675948039773,0.549008910586744,0.000315141373483248,2
80,42,2,0.422898200857806,0.576573481115738,0.000528318026456324,2
67,44,2,0.166273567832691,0.833069602837945,0.000656829329363999,3
79,31,1,0.939424114840256,0.0605738706584074,2.01450133639885e-06,2
74,42,2,0.342875522643284,0.656697394988726,0.000427082367990124,3
95,34,1,0.942671394533835,0.0573170384767996,1.15669893652236e-05,2
74,49,2,0.0670540221598226,0.928143843284959,0.00480213455521788,3
79,48,2,0.112344865758446,0.883133902708151,0.00452123153340309,1
83,36,1,0.825645070775229,0.174322878548194,3.20506765770934e-05,2
86,72,3,2.07320701892252e-05,0.0965863376301602,0.903392930299651,1
87,28,1,0.98274425231247,0.0172553750128002,3.72674729729284e-07,2
70,56,2,0.00765785123694989,0.960872314185756,0.0314698345772944,3
69,67,2,0.000186424245015217,0.553936114529667,0.445877461225318,1
83,48,2,0.13684712373924,0.857634701120844,0.00551817513991543,1
94,37,1,0.869366207572768,0.130573261449347,6.05309778848124e-05,2
76,57,2,0.00788418801783024,0.934145548727189,0.0579702632549805,1
99,34,1,0.953755107919774,0.0462331659915855,1.17260886404167e-05,2
84,23,1,0.994958594217698,0.0050413849292053,2.08530967766537e-08,2
70,70,3,4.96536062403772e-05,0.325411455905105,0.674538890488655,1
91,42,1,0.577235217516523,0.42203973374015,0.000725048743326819,2
77,33,1,0.887250617325022,0.112743333771036,6.04890394207448e-06,2
75,24,1,0.988932822626511,0.0110671405621153,3.68113739183067e-08,2
83,43,2,0.395550866760093,0.60356629633096,0.000882836908947152,2
73,46,2,0.137205086540969,0.861064951187195,0.00172996227183548,3
74,56,2,0.00950998609017303,0.951331725155925,0.0391582887539017,1
73,62,2,0.00140761947348856,0.811880043133925,0.186712337392587,1
81,63,2,0.00137957790512059,0.670885372732301,0.327735049362578,1
80,55,2,0.0175446057768927,0.941839545183354,0.0406158490397537,1
84,38,1,0.740093823152765,0.259814702919545,9.14739276898564e-05,2
87,26,1,0.990119947018062,0.00987993499754095,1.17984396770438e-07,2
89,69,3,0.000106702775735205,0.179687279871326,0.820206017352939,1
91,75,3,3.90346618685496e-06,0.0319772820811776,0.968018814452635,1
75,51,2,0.0412493960117426,0.949344845498725,0.00940575848953197,3
65,49,2,0.0414631123460483,0.955580613264192,0.00295627438975998,3
93,28,1,0.987654963707464,0.0123446606462357,3.75646300184265e-07,2
79,59,2,0.00499162431398787,0.878035525033499,0.116972850652513,1
77,34,1,0.855745512134744,0.144244080247317,1.04076179385108e-05,2
81,77,3,1.23347437694466e-06,0.0313296477817417,0.968669118743881,1
75,35,1,0.79971872165701,0.200263944607586,1.73337354047376e-05,2
82,56,2,0.0145525372278323,0.925289223292757,0.0601582394794109,1
90,69,3,0.000107725249124031,0.171418409072127,0.828473865678749,1
62,54,2,0.0087354310302042,0.980028700899486,0.0112358680703095,3
68,55,2,0.00915417947752492,0.969778830944252,0.0210669895782233,3
70,45,2,0.151183876592943,0.847749150608448,0.00106697279860892,3
73,23,1,0.990639911909303,0.00936006744038689,2.06503101969467e-08,2
56,35,1,0.576468680100932,0.423518941535122,1.23783639457771e-05,3
84,49,2,0.112013825202744,0.87992456376224,0.00806161103501579,1
68,44,2,0.174268880880814,0.825042366544125,0.000688752575060804,3
91,76,3,2.20622830756762e-06,0.023974545631741,0.976023248139951,1
88,48,2,0.173560252691904,0.819423894959936,0.00701585234816039,2
89,45,2,0.34264998023685,0.654909030042082,0.00244098972106831,2
77,44,2,0.259916290985509,0.739051889962158,0.00103181905233369,2
60,40,2,0.293595212426036,0.706290664239115,0.000114123334848755,3
70,40,2,0.422715290199626,0.577119584294101,0.000165125506273618,3
72,29,1,0.948336313516251,0.0516630496632047,6.36820544594375e-07,2
99,43,1,0.617780854936498,0.380829391682713,0.00138975338078895,2
96,32,1,0.968377222655511,0.0316190416962119,3.73564827752037e-06,2
70,37,1,0.630921981014494,0.369034606678663,4.34123068435121e-05,3
79,27,1,0.979599474444889,0.0204003181358571,2.07419253369378e-07,2
67,49,2,0.0461908293085304,0.950512566956056,0.00329660373541331,3
61,49,2,0.033356947936507,0.964269422942195,0.00237362912129835,3
58,76,3,1.97738055510248e-06,0.139330151149482,0.860667871469963,3
59,52,2,0.012991693746006,0.981765145370278,0.00524316088371561,3
78,30,1,0.951073869161443,0.048924988145207,1.14269335003783e-06,2
87,47,2,0.208800380010024,0.786470601126719,0.00472901886325791,2
66,48,2,0.0572835089939505,0.940425886054741,0.00229060495130883,3
82,65,2,0.000638587289833072,0.516343021099287,0.48301839161088,1
82,57,2,0.0107854829534173,0.90967694509545,0.079537571951133,1
101,66,3,0.000578495435090527,0.211492594536934,0.787928910027975,1
61,21,1,0.989514528700214,0.0104854648564406,6.44334525450154e-09,3
82,47,2,0.166044769087578,0.830203820323736,0.00375141058868616,2
65,53,2,0.0136836804198229,0.976435542579219,0.00988077700095752,3
78,48,2,0.106845614888546,0.888856585631573,0.00429779947988037,1
71,24,1,0.986157242557069,0.0138427208071782,3.66357524736696e-08,2
88,63,2,0.00176525500624758,0.577428074884219,0.420806670109533,1
102,31,1,0.982777573623488,0.0172202948793908,2.1314971209439e-06,2
87,60,2,0.00522800055962633,0.775356290546771,0.219415708893602,1
67,50,2,0.0351814559927206,0.960339337053175,0.00447920695410416,3
84,61,2,0.00323694647340765,0.754770653520844,0.241992400005749,1
84,91,3,3.84465051839311e-10,0.000430328929586636,0.999569670685948,1
82,33,1,0.912630063911718,0.0873636988044243,6.23728385770084e-06,2
89,38,1,0.790770657467719,0.209131363881721,9.79786505600528e-05,2
84,21,1,0.997128694215158,0.0028712992178864,6.56695588603915e-09,2
67,56,2,0.00650104238164525,0.966822490361618,0.0266764672567364,3
83,52,2,0.0480472271570861,0.932331215760105,0.0196215570828095,1
62,54,2,0.0087354310302042,0.980028700899486,0.0112358680703095,3
79,59,2,0.00499162431398787,0.878035525033499,0.116972850652513,1
67,48,2,0.0604123100932584,0.937170782032635,0.00241690787410626,3
95,29,1,0.985411291680648,0.0145880390577993,6.69261552769086e-07,2
86,27,1,0.98618528740727,0.013814503057262,2.09535468132404e-07,2
95,42,1,0.631250048644152,0.367955491243942,0.000794460111905776,2
59,42,2,0.182448912303112,0.817325505221892,0.000225582474996101,3
69,21,1,0.993309826908016,0.00669016659836883,6.49361499848342e-09,2
86,39,1,0.706205347095198,0.293638788829875,0.000155864074926926,2
85,53,2,0.0404657227408657,0.93002511246918,0.0295091647899548,1
70,52,2,0.0238488065634131,0.966474012677178,0.00967718075940895,3
77,25,1,0.986918498965259,0.0130814354351695,6.55995714791553e-08,2
91,33,1,0.94562585341977,0.0543676550553835,6.49152484675178e-06,2
73,36,1,0.728826665212355,0.271145181615081,2.81531725649002e-05,3
90,22,1,0.997288256255459,0.00271173199301207,1.17515284196749e-08,2
75,66,2,0.000340108479907308,0.542320419333188,0.457339472186905,1
90,53,2,0.0525069346004821,0.909108498837771,0.0383845665617472,1
72,57,2,0.00637130223865341,0.946874542011299,0.0467541557500481,3
98,29,1,0.987663076886998,0.0123362513294345,6.71783567939866e-07,2
72,37,1,0.656887584977306,0.34306717150087,4.52435218235619e-05,3
81,74,3,6.70184068451991e-06,0.0729277913649685,0.927065506794347,1
86,23,1,0.995496158223273,0.00450382089178435,2.08849424800778e-08,2
104,53,2,0.104493651572604,0.818588541861262,0.0769178065661345,1
82,37,1,0.771328414057749,0.228618197727286,5.3388214964915e-05,2
88,61,2,0.00381964829657794,0.710061895479346,0.286118456224076,1
72,69,3,8.30908514874599e-05,0.366541469811045,0.633375439337467,1
80,46,2,0.191057430618054,0.806525278816011,0.00241729056593508,2
80,27,1,0.980701295475265,0.0192984967698022,2.0775493281584e-07,2
55,46,2,0.054317272296287,0.945003913258949,0.00067881444476432,3
78,53,2,0.0278592781126883,0.951894640861719,0.0202460810255923,1
85,50,2,0.0911167473021659,0.897179131113676,0.0117041215841578,1
79,61,2,0.00259676320688573,0.803748467273309,0.193654769519806,1
68,50,2,0.0371459727008427,0.958122371690878,0.00473165560827904,3
85,52,2,0.0533766218910201,0.92480389954977,0.0218194785592097,1
77,48,2,0.101583317327873,0.894332569525297,0.00408411314682959,1
93,42,1,0.604564607623734,0.394675266971691,0.00076012540457535,2
78,53,2,0.0278592781126883,0.951894640861719,0.0202460810255923,1
79,79,3,3.92653316302779e-07,0.0196542099379195,0.980345397408764,1
71,48,2,0.0745838947881158,0.922426347461039,0.00298975775084533,3
66,45,2,0.12437044011179,0.874753550514209,0.000876009374001388,3
80,43,2,0.355774827413699,0.643432285870781,0.000792886715519993,2
47,61,2,0.000507393510682511,0.962245679174391,0.0372469273149268,3
88,65,3,0.000748946242487955,0.431080822266684,0.568170231490828,1
80,52,2,0.0409724099437167,0.942319976095084,0.0167076139611992,1
99,77,3,1.24769260973587e-06,0.0114314949369645,0.988567257370426,1
76,52,2,0.0330525735340065,0.953495889338976,0.0134515371270175,1
72,74,3,6.41696846687255e-06,0.116263620741845,0.883729962289688,1
79,43,2,0.342915321406715,0.656320827433174,0.000763851160111299,2
60,64,2,0.000393702539399898,0.83447640619134,0.16512989126926,3
70,63,2,0.000874052692407405,0.792607200372734,0.206518746934859,1
70,77,3,1.20709455104895e-06,0.0571722093279758,0.942826583577473,1
61,66,2,0.000205733817063639,0.725049200769451,0.274745065413486,3
73,65,2,0.000476120104082299,0.640987467457761,0.358536412438156,1
74,65,2,0.000493452229717679,0.627735182365849,0.371771365404434,1
82,47,2,0.166044769087578,0.830203820323736,0.00375141058868616,2
48,35,2,0.463844433058305,0.536145646127794,9.92081390143896e-06,3
65,59,2,0.00242105344801286,0.941234573495983,0.056344373056004,3
98,38,1,0.862840929644762,0.13705168667243,0.000107383682807869,2
78,45,2,0.218762153418688,0.779687843231656,0.00155000334965661,2
86,48,2,0.158027291529818,0.835591041753823,0.00638166671635885,2
70,30,1,0.925125032499742,0.0748738603583086,1.10714194958166e-06,3
82,26,1,0.986927348630744,0.0130725340547844,1.17314471932858e-07,2
75,31,1,0.9251719819538,0.0748260380149736,1.98003122643041e-06,2
63,60,2,0.00161278072498534,0.931495911466793,0.0668913078082219,3
77,28,1,0.969989524791694,0.030010109179086,3.66029220015109e-07,2
77,39,1,0.590833355050383,0.409036821429292,0.000129823520324329,2
74,67,3,0.000215652238324605,0.482728496553612,0.517055851208064,1
66,63,2,0.000727670671675366,0.827678980743462,0.171593348584862,3
72,57,2,0.00637130223865341,0.946874542011299,0.0467541557500481,3
74,30,1,0.939385692455904,0.0606131811169621,1.12642713410454e-06,2
66,56,2,0.00615433308872608,0.968604336365427,0.0252413305458475,3
91,53,2,0.055273265022262,0.904299953423186,0.0404267815545516,1
79,45,2,0.228576987114595,0.769802669640395,0.00162034324501072,2
65,52,2,0.0181164254532579,0.974550529493652,0.00733304505309039,3
75,55,2,0.0134104669633481,0.955620655663641,0.0309688773730107,1
67,43,2,0.209238541792045,0.790298123671893,0.000463334536062611,3
72,55,2,0.0113940601504271,0.962332444527727,0.026273495321846,3
79,42,2,0.409149171266853,0.590339938976046,0.000510889757100763,2
76,21,1,0.995489984075172,0.00451000939446641,6.53036120132815e-09,2
62,33,1,0.770878702392297,0.229116080793806,5.2168138977543e-06,3
84,73,3,1.18231895627727e-05,0.0818313687640733,0.918156808046364,1
83,51,2,0.0630628486015179,0.922500635611679,0.0144365157868032,1
77,50,2,0.0601703730577605,0.932131044860886,0.0076985820813532,1
70,43,2,0.238723857171865,0.760746734185066,0.000529408643069274,3
67,56,2,0.00650104238164525,0.966822490361618,0.0266764672567364,3
73,57,2,0.00672166223249762,0.943928836383379,0.0493495013841238,1
80,49,2,0.0915323431185993,0.901893069477101,0.00657458740429994,1
60,53,2,0.0103689374921867,0.982162241162604,0.0074688213452096,3
80,25,1,0.988940339449515,0.0110595947192469,6.58312378548859e-08,2
82,26,1,0.986927348630744,0.0130725340547844,1.17314471932858e-07,2
65,63,2,0.000694239738060893,0.835676496994649,0.16362926326729,3
70,55,2,0.0102150627617371,0.966253294792371,0.0235316424458914,3
60,48,2,0.0414898288010145,0.956856010142525,0.00165416105646024,3
72,42,2,0.317836850091374,0.681767645559682,0.000395504348943674,3
104,24,1,0.997839825759029,0.00216013656329014,3.76776804671657e-08,2
88,29,1,0.978464766774696,0.0215345709706343,6.62254670419226e-07,2
56,29,1,0.881174813321844,0.118824599605832,5.87072324262112e-07,3
60,53,2,0.0103689374921867,0.982162241162604,0.0074688213452096,3
84,35,1,0.869245710936978,0.130735364576496,1.89244865252474e-05,2
71,47,2,0.0966562158217488,0.901171861315743,0.00217192286250797,3
81,64,2,0.000934694525453014,0.602949026231527,0.39611627924302,1
67,60,2,0.00198797234215716,0.91539663167338,0.0826153959844626,3
63,44,2,0.137205159290452,0.862253907711158,0.000540932998390415,3
70,51,2,0.0314686012854504,0.961373536915277,0.00715786179927238,3
62,83,3,3.92453930906865e-08,0.0159330353476388,0.984066925406968,1
58,49,2,0.0283018349365183,0.969687225900714,0.0020109391627678,3
66,30,1,0.907838380402232,0.0921605352836178,1.08431414974625e-06,3
62,47,2,0.0604376253774178,0.938210316527646,0.00135205809493651,3
78,53,2,0.0278592781126883,0.951894640861719,0.0202460810255923,1
105,31,1,0.985429656661285,0.014568202926813,2.14041190192558e-06,2
77,37,1,0.717612256414218,0.282338195650953,4.95479348288294e-05,2
87,54,2,0.0338710482959,0.922022437992709,0.0441065137113908,1
74,59,2,0.00387789828921262,0.905471803689353,0.0906502980214342,1
81,71,3,3.44481015076463e-05,0.160597150383568,0.839368401514924,1
75,43,2,0.293865923872522,0.705480772915184,0.000653303212294469,3
63,48,2,0.0487852314053022,0.949266868248399,0.00194790034629879,3
59,51,2,0.0171837544198925,0.978928756931213,0.00388748864889446,3
86,54,2,0.0321443762107596,0.926018191394511,0.0418374323947298,1
68,70,3,4.78186891014145e-05,0.350980538959429,0.648971642351469,1
70,56,2,0.00765785123694989,0.960872314185756,0.0314698345772944,3
95,35,1,0.925345818684474,0.0746339259349404,2.02553805850919e-05,2
76,44,2,0.249183133067624,0.749828143989684,0.000988722942692012,3
89,33,1,0.939498396058103,0.0604951608357628,6.44310613378524e-06,2
66,50,2,0.0333167543653162,0.962443537750545,0.00423970788413934,3
63,29,1,0.916837382695947,0.0831620043606863,6.12943366414165e-07,3
69,65,2,0.000409633836359897,0.691728226587915,0.307862139575725,1
82,45,2,0.259837328290271,0.738318003441204,0.00184466826852503,2
84,43,2,0.409150907844627,0.589935450836181,0.000913641319191399,2
62,66,2,0.000214260317581562,0.713512974149677,0.286272765532742,3
75,58,2,0.00554203101756927,0.921800625804747,0.0726573431776836,1
83,65,2,0.000657116885089773,0.502063909889281,0.497278973225629,1
71,42,2,0.305690245081885,0.693929552807532,0.000380202110583357,3
88,51,2,0.081635531148436,0.899630129236515,0.0187343396150493,1
81,37,1,0.761186035334604,0.238761304428262,5.2660237134098e-05,2
86,37,1,0.808819402511236,0.191124503810471,5.60936782924755e-05,2
72,52,2,0.0266024840839193,0.962592322672242,0.0108051932438382,3
64,43,2,0.182519300476315,0.817077128879876,0.000403570643808966,3
84,30,1,0.964673458969843,0.0353253785642815,1.16246587492271e-06,2
63,50,2,0.0282759128775542,0.968131166136141,0.00359292098630432,3
79,72,3,1.98603406813805e-05,0.137553413203064,0.862426726456255,1
71,28,1,0.958347847725565,0.04165179170621,3.60568224787508e-07,2
92,49,2,0.164873885932518,0.823213291809105,0.0119128222583767,2
59,47,2,0.0514893554934639,0.947360471423397,0.00115017308313868,3
58,42,2,0.174153001499355,0.825631779321596,0.000215219179048461,3
69,45,2,0.144065799188263,0.854917964541273,0.00101623627046417,3
82,28,1,0.977223183612287,0.0227764467188817,3.69668830923057e-07,2
69,70,3,4.87453142640072e-05,0.338077743352519,0.661873511333217,1
47,34,1,0.520246527671945,0.479747237941316,6.23438673902387e-06,3
54,47,2,0.0392993967110442,0.959824891356556,0.000875711932399434,3
86,58,2,0.00967319949835414,0.86281936873498,0.127507431766666,1
82,41,1,0.521264032335183,0.478370567144012,0.000365400520805414,2
73,56,2,0.00901055952808876,0.953905872661386,0.0370835678105249,1
94,30,1,0.9796398211071,0.0203589925587469,1.18633415366587e-06,2
86,56,2,0.0179104992154533,0.907903770117157,0.0741857306673898,1
80,51,2,0.0538603088723808,0.933828064697781,0.0123116264298383,1
86,61,2,0.00352074223654924,0.733010827895554,0.263468429867896,1
96,23,1,0.997438969330869,0.00256100964002781,2.10291029671777e-08,2
78,67,3,0.000238778874885673,0.426126174944813,0.573635046180301,1
63,51,2,0.0214387520188773,0.973701577013505,0.00485967096761774,3
81,30,1,0.958402111276486,0.0415967355214044,1.15320211001462e-06,2
66,46,2,0.0966886749853971,0.902096416644477,0.00121490837012551,3
90,45,2,0.355470555960195,0.641995873823414,0.00253357021639019,2
82,51,2,0.0598456289555964,0.926461101112695,0.0136932699317083,1
80,42,2,0.422898200857806,0.576573481115738,0.000528318026456324,2
76,53,2,0.0250044829022914,0.956841997210187,0.0181535198875219,1
88,51,2,0.081635531148436,0.899630129236515,0.0187343396150493,1
84,49,2,0.112013825202744,0.87992456376224,0.00806161103501579,1
76,67,3,0.000227288582354293,0.454279624735294,0.545493086682351,1
51,34,1,0.576303438248025,0.423689641975786,6.91977618941403e-06,3
92,30,1,0.97725306964055,0.0227457480817374,1.18227771192577e-06,2
57,60,2,0.00117134828032402,0.950389561835184,0.0484390898844915,3
93,31,1,0.971650681376074,0.0283472205875016,2.09803642479579e-06,2
77,41,2,0.450675948039773,0.549008910586744,0.000315141373483248,2
89,33,1,0.939498396058103,0.0604951608357628,6.44310613378524e-06,2
72,51,2,0.0350808092066029,0.956931824230707,0.00798736656269028,3
85,74,3,6.78981352718545e-06,0.0589047276073926,0.94108848257908,1
73,70,3,5.22592082609426e-05,0.288961428360928,0.710986312430811,1
67,63,2,0.000762356379594228,0.819376359755406,0.179861283864999,3
63,30,1,0.892600364770268,0.107398570691092,1.06453863951732e-06,3
68,65,2,0.000393816579335689,0.703777429610577,0.295828753810087,3
69,44,2,0.182564058592375,0.816714048545954,0.000721892861670974,3
98,65,3,0.000917404752926711,0.299676301923292,0.699406293323781,1
85,50,2,0.0911167473021659,0.897179131113676,0.0117041215841578,1
78,48,2,0.106845614888546,0.888856585631573,0.00429779947988037,1
63,56,2,0.00521826277941344,0.973411222838671,0.0213705143819159,3
78,47,2,0.137099500861696,0.859809143383297,0.00309135575500732,1
73,38,1,0.604320184536768,0.395605526746724,7.4288716508407e-05,3
69,53,2,0.0170609868519359,0.970595220677498,0.0123437924705664,3
79,60,2,0.00362136872171129,0.844990348856643,0.151388282421646,1
81,39,1,0.644264004252235,0.35559415254399,0.000141843203775899,2
70,53,2,0.0180243398983742,0.968928442550345,0.0130472175512804,3
78,41,2,0.46472712126064,0.534947751667316,0.000325127072043387,2
69,40,2,0.408959543169605,0.590880783464604,0.000159673365791212,3
90,48,2,0.190258007421943,0.802043578713668,0.00769841386438916,2
81,44,2,0.305727165202027,0.693056759800645,0.00121607499732731,2
69,33,1,0.833383654295492,0.16661068640369,5.6593008187067e-06,3
77,52,2,0.0348841698934487,0.950911881261893,0.0142039488446587,1
97,59,2,0.0113515203629317,0.720268255109553,0.268380224527515,1
83,30,1,0.962691416867083,0.0373074236271568,1.15950576015857e-06,2
77,67,3,0.00023305662070709,0.440154776678233,0.55961216670106,1
50,67,2,9.01885743206728e-05,0.78621337526122,0.21369643616446,3
77,52,2,0.0348841698934487,0.950911881261893,0.0142039488446587,1
80,44,2,0.293857506759893,0.704974207576295,0.00116828566381201,2
69,45,2,0.144065799188263,0.854917964541273,0.00101623627046417,3
56,36,1,0.506433644433479,0.493546956250683,1.93993158378256e-05,3
96,56,2,0.0294716812466843,0.847852682423059,0.122675636330257,1
78,52,2,0.0368117201647772,0.948192091342441,0.0149961884927821,1
84,42,2,0.478879439215839,0.52052112582032,0.000599434963840418,2
60,40,2,0.293595212426036,0.706290664239115,0.000114123334848755,3
105,63,3,0.00273030050689341,0.34093579722469,0.656333902268417,1
84,51,2,0.0664377259284635,0.918345673645438,0.0152166004260984,1
71,39,1,0.506904319812991,0.492984627278779,0.00011105290823031,3
85,29,1,0.974577191891262,0.0254221494599987,6.58648739511167e-07,2
59,61,2,0.000965401197021298,0.927745645124615,0.0712889536783642,3
82,39,1,0.657132972421232,0.34272227977082,0.000144747807948141,2
79,51,2,0.0510805134700597,0.937249031974614,0.0116704545553267,1
77,61,2,0.00236881554520642,0.821149780951092,0.176481403503701,1
80,23,1,0.993684590846949,0.00631538836767804,2.07853727892657e-08,2
69,39,2,0.47860020774238,0.521295043547764,0.000104748709855828,3
98,80,3,2.21312334630994e-07,0.00500874737761134,0.994991031310054,1
92,32,1,0.960652431105781,0.0393438703449238,3.69854929564614e-06,2
78,51,2,0.0484350134420195,0.940504407351571,0.0110605792064094,1
83,36,1,0.825645070775229,0.174322878548194,3.20506765770934e-05,2
72,48,2,0.0785754620177935,0.918273221962153,0.0031513160200536,3
71,28,1,0.958347847725565,0.04165179170621,3.60568224787508e-07,2
68,60,2,0.00209342386313956,0.910865972678771,0.0870406034580893,3
74,47,2,0.112500540575321,0.884967764131337,0.00253169529334265,3
94,50,2,0.14198869698341,0.839691489901561,0.0183198131150287,1
74,76,3,2.14054842725115e-06,0.0609331009700944,0.939064758481478,1
69,58,2,0.00403668361190655,0.943197721319611,0.0527655950684826,3
80,43,2,0.355774827413699,0.643432285870781,0.000792886715519993,2
82,37,1,0.771328414057749,0.228618197727286,5.3388214964915e-05,2
70,49,2,0.0542494421568986,0.941873087545869,0.00387747029723237,3
68,58,2,0.00382643612875868,0.946180871646159,0.0499926922250829,3
68,23,1,0.987613201189395,0.0123867782740645,2.05365404350624e-08,2
69,22,1,0.991144793812383,0.00885519462875089,1.15588663243649e-08,2
103,59,2,0.0143101167169249,0.646358453011634,0.339331430271441,1
69,64,2,0.000589866060930168,0.75090375777805,0.24850637616102,1
85,32,1,0.942604316327428,0.0573920671094861,3.61656308560211e-06,2
92,46,2,0.317274790074229,0.678687181664003,0.00403802826176781,2
78,66,3,0.000371330123084709,0.499566934606701,0.500061735270214,1
79,89,3,1.2257928532581e-09,0.00103502649742456,0.998964972276783,1
64,41,2,0.282102626100649,0.717701369763766,0.000196004135585158,3
57,51,2,0.0153779175071927,0.981146557152667,0.00347552534014076,3
59,55,2,0.00556548538147401,0.9816830680539,0.0127514465646255,3
87,65,3,0.000730790107839505,0.445145902882297,0.554123307009864,1
88,65,3,0.000748946242487955,0.431080822266684,0.568170231490828,1
79,35,1,0.833564713261624,0.166417183740117,1.81029982583341e-05,2
77,57,2,0.00831154662529218,0.930545809018534,0.0611426443561742,1
76,73,3,1.13324821875349e-05,0.123402375796001,0.876586291721812,1
75,36,1,0.750627167790736,0.249343808326452,2.90238828119194e-05,2
76,61,2,0.00226081248239098,0.829387228348446,0.168351959169162,1
70,52,2,0.0238488065634131,0.966474012677178,0.00967718075940895,3
53,43,2,0.106951765101533,0.892813031314088,0.000235203584379141,3
81,47,2,0.158381540690441,0.838041945612242,0.00357651369731746,2
96,49,2,0.197900459247069,0.787772190488976,0.0143273502639555,2
80,40,1,0.563312602061582,0.436466263494984,0.000221134443433924,2
85,23,1,0.995234914557282,0.00476506457354553,2.08691723870296e-08,2
76,67,3,0.000227288582354293,0.454279624735294,0.545493086682351,1
66,60,2,0.00188735552778328,0.919717295755495,0.0783953487167216,3
62,45,2,0.101737729796688,0.897547086949915,0.000715183253396858,3
78,53,2,0.0278592781126883,0.951894640861719,0.0202460810255923,1
90,41,1,0.63131088263729,0.368244826629549,0.000444290733161086,2
77,33,1,0.887250617325022,0.112743333771036,6.04890394207448e-06,2
70,49,2,0.0542494421568986,0.941873087545869,0.00387747029723237,3
83,49,2,0.106549909927152,0.885785494808046,0.00766459526480236,1
80,51,2,0.0538603088723808,0.933828064697781,0.0123116264298383,1
87,29,1,0.977238243941572,0.0227610949598538,6.61098574064521e-07,2
83,51,2,0.0630628486015179,0.922500635611679,0.0144365157868032,1
90,52,2,0.0691458289416627,0.902518752598423,0.0283354184599141,1
77,48,2,0.101583317327873,0.894332569525297,0.00408411314682959,1
69,45,2,0.144065799188263,0.854917964541273,0.00101623627046417,3
79,24,1,0.991156866376675,0.00884309665635006,3.69669753430164e-08,2
76,53,2,0.0250044829022914,0.956841997210187,0.0181535198875219,1
70,52,2,0.0238488065634131,0.966474012677178,0.00967718075940895,3
78,66,3,0.000371330123084709,0.499566934606701,0.500061735270214,1
73,26,1,0.978421663289555,0.0215782209218406,1.15788603927587e-07,2
55,34,1,0.630462694535292,0.369529720448391,7.58501631757188e-06,3
81,44,2,0.305727165202027,0.693056759800645,0.00121607499732731,2
65,52,2,0.0181164254532579,0.974550529493652,0.00733304505309039,3
63,57,2,0.00391005222336366,0.967524047133196,0.0285659006434403,3
78,41,2,0.46472712126064,0.534947751667316,0.000325127072043387,2
70,48,2,0.0707788283979278,0.926385341296829,0.00283583030524279,3
84,43,2,0.409150907844627,0.589935450836181,0.000913641319191399,2
75,50,2,0.0541191576041879,0.938963314419409,0.00691752797640279,3
58,47,2,0.0487951746114584,0.950115372264571,0.00108945312397074,3
99,42,1,0.68213913419059,0.31700066484253,0.000860200966879645,2
54,46,2,0.0514818101741108,0.947875127806912,0.000643062018976942,3
76,28,1,0.968295909758661,0.0317037250312747,3.65210064572602e-07,2
62,53,2,0.0115879249784676,0.980056975376191,0.00835509964534098,3
76,55,2,0.0141552222791799,0.953139915240684,0.0327048624801365,1
66,34,1,0.760842857724548,0.239147938905364,9.20337008781951e-06,3
73,48,2,0.0827606998172388,0.913918496206786,0.00332080397597524,3
65,61,2,0.00131726408673777,0.901122758417467,0.0975599774957957,3
83,36,1,0.825645070775229,0.174322878548194,3.20506765770934e-05,2
72,65,2,0.000459051759288558,0.65402799570189,0.345512952538821,1
69,49,2,0.0514264917985421,0.944899619211076,0.00367388899038171,3
64,48,2,0.0514763020137503,0.94646733500179,0.00205636298445957,3
71,68,3,0.000128349360194569,0.45170663883529,0.548165011804515,1
64,63,2,0.000662047808864549,0.843373082547821,0.155964869643314,3
75,48,2,0.0917411444532685,0.90457407707169,0.00368477847504177,3
77,42,2,0.382090329440841,0.617433038312175,0.000476632246983716,2
82,63,2,0.00143226516950078,0.658148444789252,0.340419290041247,1
81,43,2,0.368844938970356,0.630332640721936,0.000822420307708079,2
74,43,2,0.282260244534059,0.717112562461083,0.000627193004857815,3
88,49,2,0.136334662103135,0.853833996305778,0.00983134159108666,1
77,60,2,0.00328851314751499,0.859373412451664,0.137338074400821,1
68,37,1,0.604175074586797,0.395783394463157,4.15309500462088e-05,3
63,61,2,0.00118886172703652,0.910847731330532,0.0879634069424315,3
59,55,2,0.00556548538147401,0.9816830680539,0.0127514465646255,3
81,37,1,0.761186035334604,0.238761304428262,5.2660237134098e-05,2
79,49,2,0.0869615194104077,0.90679528457284,0.00624319601675227,1
68,26,1,0.971557475235698,0.0284424100710421,1.14693259465707e-07,3
48,23,1,0.96251873987267,0.0374812403089502,1.98183799817203e-08,3
62,42,2,0.209167220598502,0.790573779308293,0.000259000093205419,3
76,45,2,0.200051082061332,0.798532885482787,0.00141603245588039,3
77,61,2,0.00236881554520642,0.821149780951092,0.176481403503701,1
99,24,1,0.997134580806109,0.00286538163552013,3.75583705916962e-08,2
85,30,1,0.966553858627751,0.0334449760661649,1.1653060835823e-06,2
81,87,3,3.89462843568128e-09,0.00166870463753923,0.998331291467832,1
91,21,1,0.998066800469872,0.00193319293427437,6.59585346555420e-09,2
73,71,3,3.16395251504871e-05,0.232068295677218,0.767900064797631,1
73,54,2,0.0160109752437449,0.963283088599526,0.0207059361567286,3
79,38,1,0.682071201774206,0.317844703278921,8.40949468732937e-05,2
