"ias","iats","lpa_profile","CPROB1","CPROB2","CPROB3","kmeans_cluster"
77,47,2,0.151687849240379,0.846111584359938,0.00220056639968301,1
52,49,2,0.0247548279213065,0.974317629847506,0.000927542231187346,1
84,39,1,0.706597532360615,0.293286758481198,0.000115709158186704,2
80,50,2,0.0843183204441774,0.908828967122711,0.00685271243311201,3
75,41,2,0.455776524947303,0.544006463282617,0.00021701177007973,1
89,65,3,0.00119535332383994,0.486026949336182,0.512777697339978,3
83,55,2,0.0259309691213857,0.937375452510289,0.0366935783683259,3
90,42,1,0.595680790114804,0.403760466823604,0.000558743061592071,2
73,47,2,0.12507253184828,0.873165961775057,0.00176150637666247,1
65,57,2,0.00564721241907979,0.97261561774051,0.0217371698404103,1
72,82,3,1.68934884825024e-07,0.0193381776129199,0.980661653452195,3
83,31,1,0.953849608291117,0.0461487299628688,1.6617460143073e-06,2
63,23,1,0.983889403985761,0.0161105801715656,1.5842673412023e-08,1
85,47,2,0.2185170930969,0.778119403204617,0.00336350369848312,2
79,21,1,0.996169851018869,0.00383014317098147,5.81014967854033e-09,2
76,23,1,0.992165496761316,0.00783448564868213,1.75900014123029e-08,2
60,43,2,0.172200568986938,0.827571391802314,0.000228039210748684,1
80,44,2,0.326336996152631,0.672779547231337,0.000883456616032229,2
86,43,2,0.471870722552397,0.527371752193844,0.000757525253758948,2
77,58,2,0.00805478884932044,0.932208103322976,0.0597371078277029,3
74,48,2,0.102874922927724,0.89455181455924,0.00257326251303581,1
73,32,1,0.89952150259708,0.100475931857449,2.56554547052897e-06,2
71,76,3,4.64904041492657e-06,0.107663943560758,0.892331407398827,3
83,42,2,0.498821737126986,0.50073400364367,0.000444259229344629,2
65,40,2,0.386404438480411,0.613498648307477,9.69132121116868e-05,1
68,46,2,0.124645318007494,0.874395094562155,0.00095958743035039,1
86,73,3,2.29819922052047e-05,0.100334485999061,0.899642532008734,3
80,38,1,0.717147267617275,0.282788061971984,6.4670410741327e-05,2
82,58,2,0.0104035382918952,0.909530512040375,0.0800659496677301,3
78,35,1,0.838259169116227,0.161727237297159,1.35935866137296e-05,2
70,48,2,0.0839812637610916,0.913979368379364,0.00203936785954444,1
68,50,2,0.0450327658910997,0.951618466845049,0.00334876726385122,1
75,54,2,0.0223521797032171,0.960738293793544,0.0169095265032383,3
105,30,1,0.989422953611363,0.0105758956743342,1.1507143033392e-06,2
93,26,1,0.993091198484751,0.00690869210886038,1.09406388727337e-07,2
73,28,1,0.964244835830591,0.0357548794561286,2.84713280573916e-07,2
66,47,2,0.0880858659578545,0.910736199800171,0.00117793424197415,1
80,56,2,0.0167245209992248,0.942470243087277,0.0408052359134984,3
93,43,1,0.569367430669933,0.429669906587432,0.000962662742635059,2
92,55,2,0.0411006464925723,0.896732607734658,0.0621667457727691,3
91,61,2,0.00599792299487802,0.723658124030548,0.270343952974574,3
66,56,2,0.00788648531808294,0.974766258804847,0.01734725587707,1
81,68,3,0.000272289573006135,0.396540872468974,0.60318683795802,3
71,74,3,1.33153195744835e-05,0.177667220256094,0.822319464424332,3
70,33,1,0.85169203532858,0.148303776334218,4.18833720236774e-06,1
73,49,2,0.0759848350023914,0.920689158566973,0.00332600643063532,1
72,52,2,0.0327416893187097,0.959463730768978,0.0077945799123121,1
87,51,2,0.0931182143216225,0.892830385579799,0.0140514000985785,3
97,33,1,0.963121171284246,0.0368730443669873,5.7843487661051e-06,2
78,66,2,0.00059136782628337,0.587160589341428,0.412248042832288,3
79,40,1,0.579992118641873,0.41984652804274,0.000161353315387426,2
94,38,1,0.847541326133815,0.15237389783631,8.47760298754047e-05,2
64,53,2,0.0161630233221247,0.977443628450223,0.00639334822765259,1
92,29,1,0.983453079106478,0.0165463316393511,5.89254171297834e-07,2
68,55,2,0.0116106581846578,0.973686615026467,0.0147027267888752,1
78,47,2,0.159026056695895,0.838649776331801,0.00232416697230436,3
91,80,3,4.60275185298954e-07,0.0104553115198466,0.989544228204968,3
69,37,1,0.643149945212698,0.356819729585326,3.03252019758244e-05,1
78,58,2,0.00848242403727923,0.928141497502606,0.063376078460115,3
76,66,2,0.00055597453272549,0.617565615677051,0.381878409790223,3
73,48,2,0.0978269532352372,0.899744101395647,0.00242894536911549,1
76,50,2,0.0686384421405211,0.925945957945089,0.00541559991438939,3
81,63,2,0.0020078055240987,0.736801448122679,0.261190746353222,3
103,40,1,0.841281556247181,0.158438889822389,0.000279553930430218,2
105,79,3,7.35000131624897e-07,0.00577800852960177,0.994221256470267,3
91,45,2,0.404782238921676,0.59312197876894,0.00209578230938428,2
97,25,1,0.995798530842006,0.00420140505925365,6.40987405445097e-08,2
72,29,1,0.9508681877322,0.0491313209502124,4.91317587977629e-07,2
99,44,1,0.583719022665036,0.414462053814014,0.00181892352095026,2
76,25,1,0.986480277712834,0.0135196679315972,5.43555685539087e-08,2
97,37,1,0.89655149713125,0.103396491708223,5.20111605269476e-05,2
65,53,2,0.0170726285455163,0.976124041989908,0.0068033294645763,1
78,45,2,0.247327903432792,0.751509046877386,0.00116304968982138,2
89,44,2,0.444998981548003,0.553713314301868,0.00128770415012924,2
76,44,2,0.279103972941937,0.720162487517793,0.000733539540270711,1
77,42,2,0.415556822511616,0.58408915618479,0.000354021303593921,2
74,65,2,0.000752928915574545,0.710208008855107,0.289039062229319,3
56,48,2,0.0401733151723892,0.958947184678808,0.000879500148803402,1
65,37,1,0.59017186930873,0.409801115467797,2.70152234734786e-05,1
86,48,2,0.183062112255517,0.811933427352619,0.00500446039186383,2
81,53,2,0.0404048538756316,0.94146921712507,0.0181259289992983,3
82,71,3,6.50321319534412e-05,0.204737459059916,0.79519750880813,3
77,60,2,0.00444607940323921,0.893073445925353,0.102480474671408,3
91,27,1,0.989850629580447,0.0101491809979749,1.89421578716196e-07,2
74,65,2,0.000752928915574545,0.710208008855107,0.289039062229319,3
82,57,2,0.0139419262383796,0.925195175533799,0.0608628982278214,3
92,32,1,0.962951845242145,0.0370449934673048,3.1612905502667e-06,2
71,65,2,0.000669967232628662,0.747788286532526,0.251541746234845,3
73,56,2,0.011524170757149,0.961778708242863,0.0266971209999874,3
66,35,1,0.725549987087617,0.274439247296798,1.07656155851944e-05,1
65,32,1,0.851082760806281,0.148914951398493,2.28779522619044e-06,1
75,64,2,0.00111445657867033,0.754405099087606,0.244480444333724,3
77,63,2,0.0017047928978772,0.782994050197429,0.215301156904694,3
74,48,2,0.102874922927724,0.89455181455924,0.00257326251303581,1
61,33,1,0.776091734081928,0.223904695377693,3.57054037887134e-06,1
82,42,2,0.484814707504652,0.514756693130293,0.000428599365054526,2
88,42,1,0.568433424599846,0.431041226953467,0.000525348446686368,2
88,29,1,0.979376249162463,0.0206231811493906,5.696881466552e-07,2
78,29,1,0.964410696725328,0.0355887823245787,5.20950093479051e-07,2
91,54,2,0.0516305486791923,0.904398695679951,0.0439707556408564,3
75,53,2,0.029364438062107,0.958034814121659,0.0126007478162346,3
74,32,1,0.904479510288167,0.0955178908556241,2.598856209004e-06,2
102,36,1,0.937944031190883,0.0620239402025696,3.20286065474667e-05,2
93,30,1,0.979473081400648,0.0205258762967592,1.04230259302065e-06,2
79,55,2,0.0210009439606399,0.950148862641932,0.0288501933974279,3
90,76,3,4.36858921328628e-06,0.0348435687771997,0.965152062633587,3
83,37,1,0.798083536316768,0.201874723462971,4.17402202613596e-05,2
68,47,2,0.0975097083687514,0.901166884779324,0.00132340685192482,1
65,53,2,0.0170726285455163,0.976124041989908,0.0068033294645763,1
84,32,1,0.943160669956968,0.0568364117915514,2.91825148054415e-06,2
85,36,1,0.85349393942437,0.146480362500867,2.5698074763176e-05,2
71,60,2,0.00328621978639246,0.924258771738031,0.0724550084755764,3
72,27,1,0.971089955391626,0.0289098831622679,1.61446105685453e-07,2
95,24,1,0.996429923068655,0.00357004108398866,3.58473563083363e-08,2
84,49,2,0.131848590224101,0.861890455737021,0.00626095403887848,3
76,38,1,0.669516873396774,0.330424513138708,5.86134645184073e-05,2
68,69,2,0.000132864028415755,0.528601650514327,0.471265485457258,3
81,46,2,0.227717401370686,0.770352389488966,0.00193020914034818,2
84,27,1,0.985042024938481,0.0149577960804538,1.78981064893188e-07,2
79,24,1,0.991285174873704,0.00871479344788672,3.16784089030157e-08,2
92,41,1,0.684729044198982,0.31490120335129,0.000369752449727787,2
84,52,2,0.0617011202478056,0.922245410645658,0.0160534691065362,3
80,30,1,0.958353076016015,0.0416459977359785,9.2624800651874e-07,2
78,50,2,0.0761123957060855,0.9177927230287,0.00609488126521438,3
78,51,2,0.0587296248469888,0.932979430328252,0.00829094482475926,3
70,48,2,0.0839812637610916,0.913979368379364,0.00203936785954444,1
78,30,1,0.95363732535783,0.0463617664990784,9.0814309125504e-07,2
101,39,1,0.861984654392373,0.137855258585692,0.0001600870219354,2
73,44,2,0.24656111017978,0.752805113464603,0.000633776355617214,1
82,43,2,0.416606547719288,0.582744162198429,0.000649290082283038,2
84,40,1,0.646366170719704,0.353447229479086,0.000186599801210555,2
83,36,1,0.838903198623751,0.161071913875035,2.48875012131162e-05,2
77,39,1,0.619245768834335,0.380657947812717,9.62833529485338e-05,2
82,29,1,0.971359455564201,0.0286400039609619,5.40474837096933e-07,2
83,63,2,0.00216897220215166,0.711465438456312,0.286365589341536,3
79,29,1,0.966286841115634,0.0337126330420663,5.2584229940479e-07,2
76,51,2,0.0528781439070324,0.939766693156482,0.00735516293648537,3
82,56,2,0.0185708783554479,0.93544315150848,0.0459859701360719,3
62,41,2,0.287726696533176,0.712148877241045,0.000124426225779108,1
76,64,2,0.00116009600849674,0.742456294219816,0.256383609771687,3
87,41,1,0.62137845392426,0.378298196910986,0.000323349164754003,2
96,53,2,0.0866156253146882,0.869964031665907,0.0434203430194046,3
71,50,2,0.0528140417825171,0.943170345671117,0.00401561254636587,1
82,55,2,0.024606628975303,0.940830637113968,0.0345627339107286,3
72,39,1,0.551296442591466,0.448620954261994,8.26031465401609e-05,1
72,54,2,0.0190113472284246,0.966922400364293,0.014066252407282,1
78,45,2,0.247327903432792,0.751509046877386,0.00116304968982138,2
83,37,1,0.798083536316768,0.201874723462971,4.17402202613596e-05,2
81,26,1,0.986544476156875,0.0134554243974262,9.94456985406846e-08,2
82,32,1,0.936838240112723,0.0631589038035217,2.85608375506854e-06,2
91,31,1,0.970037480061445,0.0299607268734202,1.79306513484412e-06,2
89,38,1,0.807693254855383,0.192228890972685,7.78541719318359e-05,2
77,60,2,0.00444607940323921,0.893073445925353,0.102480474671408,3
87,44,2,0.417553694600068,0.5812557798882,0.00119052551173153,2
98,76,3,4.17530635447404e-06,0.0212595344818423,0.978736290211803,3
74,40,1,0.510583134206965,0.489279984055528,0.000136881737507736,1
65,44,2,0.172856899411631,0.826724330779743,0.000418769808625939,1
72,63,2,0.00136853170220544,0.832078321929181,0.166553146368613,3
57,60,2,0.00156799704708039,0.967264491603383,0.0311675113495369,1
67,51,2,0.0327053914839648,0.963038650991329,0.00425595752470638,1
80,33,1,0.909613296421675,0.0903818866590571,4.81691926765441e-06,2
78,34,1,0.872253443682701,0.127738532860877,8.02345642142146e-06,2
80,54,2,0.0291940372814676,0.947887658410242,0.0229183043082907,3
71,62,2,0.00179317912713992,0.875330171088737,0.122876649784123,3
76,53,2,0.0309808176436707,0.955626028667112,0.0133931536892169,3
96,39,1,0.82515646004143,0.174695861844215,0.000147678114355358,2
71,46,2,0.144169465677561,0.854695711859817,0.00113482246262236,1
65,23,1,0.985574664963137,0.0144253189303168,1.61065460995361e-08,1
77,26,1,0.983216201545955,0.016783702235906,9.62181393242156e-08,2
82,55,2,0.024606628975303,0.940830637113968,0.0345627339107286,3
91,21,1,0.99804269673056,0.0019572969075337,6.36190624546065e-09,2
80,75,3,7.87483303918302e-06,0.0835491763864229,0.916442948780538,3
98,26,1,0.994772220139556,0.00522766613596523,1.1372447901928e-07,2
83,50,2,0.0981160400031076,0.893730787587397,0.00815317240949513,3
86,41,1,0.608105183101495,0.391580708964032,0.000314107934472816,2
60,34,1,0.713255971219366,0.286738286453946,5.74232668831178e-06,1
77,54,2,0.0248832425367185,0.956011660691296,0.0191050967719855,3
64,66,2,0.000356227725889706,0.775764591745747,0.223879180528363,1
89,30,1,0.974441228950014,0.0255577643604404,1.00668954567145e-06,2
84,58,2,0.0114999478991535,0.898675850687275,0.0898242014135719,3
87,40,1,0.683801492668328,0.315996666671956,0.000201840659716029,2
96,82,3,1.4360523721996e-07,0.00427679498570785,0.995723061409055,3
83,46,2,0.247986326263921,0.74988030175767,0.00213337197840948,2
87,55,2,0.0319078841319156,0.921583787486661,0.0465083283814232,3
77,30,1,0.951092873440457,0.0489062275203637,8.99039179663438e-07,2
85,47,2,0.2185170930969,0.778119403204617,0.00336350369848312,2
81,68,3,0.000272289573006135,0.396540872468974,0.60318683795802,3
51,37,2,0.396348299605223,0.603635343828441,1.63565663363239e-05,1
80,49,2,0.108370171077087,0.886633933043756,0.0049958958791565,3
75,39,1,0.592467567478598,0.407441666763909,9.07657574926653e-05,2
80,43,2,0.389648609268989,0.609753040992565,0.000598349738446305,2
100,22,1,0.998443033277783,0.00155695472897651,1.19932403713412e-08,2
67,53,2,0.0190436739157939,0.973254343168859,0.00770198291534725,1
76,45,2,0.227069495194646,0.771878413950863,0.00105209085449071,1
81,46,2,0.227717401370686,0.770352389488966,0.00193020914034818,2
80,31,1,0.945848810416434,0.0541495779718795,1.61161168613059e-06,2
76,36,1,0.778584406037407,0.221393662495462,2.19314671309046e-05,2
91,52,2,0.0879770975951578,0.887915360101619,0.0241075423032233,3
74,39,1,0.578858207519875,0.421053765804852,8.80266752728078e-05,1
75,51,2,0.0501606954124466,0.942913594738812,0.00692570984874129,1
74,52,2,0.0364492427991364,0.954744105021055,0.00880665217980827,1
78,49,2,0.0980543519416903,0.897491754944159,0.00445389311415008,3
74,48,2,0.102874922927724,0.89455181455924,0.00257326251303581,1
66,49,2,0.0526695014953569,0.945141487686233,0.00218901081840971,1
77,49,2,0.0932291125441272,0.902567406196177,0.00420348125969537,3
91,61,2,0.00599792299487802,0.723658124030548,0.270343952974574,3
83,62,2,0.00307809153633947,0.766400409778383,0.230521498685278,3
78,44,2,0.302199540014707,0.696994372809461,0.000806087175831234,2
86,73,3,2.29819922052047e-05,0.100334485999061,0.899642532008734,3
66,57,2,0.00596264308135883,0.970915482411308,0.0231218745073336,1
68,57,2,0.00664513179504946,0.967202048021581,0.0261528201833695,1
82,65,2,0.000989633225304727,0.595922577656749,0.403087789117946,3
86,53,2,0.0524465214916833,0.923138284481387,0.0244151940269301,3
80,24,1,0.991756705558475,0.00824326251252992,3.19289948004e-08,2
78,24,1,0.990786922249207,0.00921304632185791,3.14289348967066e-08,2
79,59,2,0.00664200806960601,0.905221233282134,0.0881367586482601,3
69,55,2,0.0122606161453391,0.97209823336506,0.0156411504896005,1
68,49,2,0.0585399952249321,0.938990714844005,0.00246928993106251,1
83,50,2,0.0981160400031076,0.893730787587397,0.00815317240949513,3
91,29,1,0.982514974305091,0.0174844413451792,5.84349730176348e-07,2
56,64,2,0.000463594417513893,0.911182145322595,0.0883542602598911,1
84,22,1,0.996188224249941,0.00381176512065214,1.06294068010317e-08,2
81,52,2,0.052795043103863,0.933770412524799,0.013434544371338,3
83,24,1,0.993024705200701,0.00697526211146003,3.26878388408246e-08,2
87,62,2,0.00360907431251713,0.717979449066437,0.278411476621046,3
74,54,2,0.0211805852744699,0.962914396480821,0.0159050182447092,3
84,34,1,0.905304996574813,0.0946862976824113,8.70574277556974e-06,2
83,49,2,0.12560727881007,0.868472138094611,0.00592058309531926,3
82,46,2,0.237704192387963,0.760265974458855,0.00202983315318228,2
71,56,2,0.0103466328482453,0.96603645681903,0.0236169103327244,1
84,34,1,0.905304996574813,0.0946862976824113,8.70574277556974e-06,2
74,60,2,0.00382805530110293,0.909874872303133,0.0862970723957644,3
93,86,3,1.52414663752088e-08,0.0016179716547749,0.998382013103759,3
59,53,2,0.0122794664282737,0.983039858440045,0.00468067513168119,1
84,37,1,0.806970953095709,0.192986528237476,4.25186668149787e-05,2
75,52,2,0.0384494697745509,0.952191560550802,0.0093589696746466,3
64,59,2,0.0030390847300959,0.960872300423831,0.0360886148460731,1
60,51,2,0.0223550944239741,0.974882757342212,0.00276214823381422,1
97,44,1,0.556354017904957,0.441937811984556,0.00170817011048708,2
80,49,2,0.108370171077087,0.886633933043756,0.0049958958791565,3
74,56,2,0.0121598008030571,0.959461233890815,0.0283789653061274,3
71,45,2,0.181670665935358,0.817518181581265,0.000811152483376817,1
61,57,2,0.0045393604339679,0.978497660072612,0.01696297949342,1
86,26,1,0.989802094149616,0.0101978023136503,1.03536733403129e-07,2
75,23,1,0.991717153524457,0.00828282902317996,1.74523626202901e-08,2
79,24,1,0.991285174873704,0.00871479344788672,3.16784089030157e-08,2
71,62,2,0.00179317912713992,0.875330171088737,0.122876649784123,3
93,29,1,0.984341652718232,0.0156577531124315,5.94169336608922e-07,2
100,47,2,0.391826955806297,0.601433491456339,0.00673955273736394,2
36,26,1,0.854490671301891,0.145509266969592,6.17285174413782e-08,1
85,35,1,0.884728888287828,0.115256001400788,1.51103113830439e-05,2
78,21,1,0.995949728347586,0.00405026588639634,5.7660179894694e-09,2
47,49,2,0.0188185138398985,0.980501997291835,0.000679488868266321,1
62,26,1,0.96190740999347,0.0380925057679717,8.42385586459497e-08,1
76,45,2,0.227069495194646,0.771878413950863,0.00105209085449071,1
84,51,2,0.0800435865244233,0.908143270873193,0.0118131426023839,3
79,73,3,2.29172978150904e-05,0.148175868220538,0.851801214481647,3
85,50,2,0.108383922716952,0.882475319885162,0.00914075739788628,3
62,59,2,0.00272915349066632,0.965338953635387,0.0319318928739469,1
84,21,1,0.997103987301613,0.00289600666347226,6.03491471219753e-09,2
72,45,2,0.190150434004194,0.808994242570755,0.000855323425050817,1
73,38,1,0.631283620869992,0.368662326810801,5.40523192067738e-05,1
77,37,1,0.738428511793681,0.261534546008175,3.69421981431208e-05,2
62,37,1,0.548938652763848,0.451036771427471,2.45758086812718e-05,1
80,58,2,0.00939948143858868,0.919325066411699,0.0712754521497123,3
86,57,2,0.0170886886779491,0.906069075645029,0.0768422356770221,3
64,63,2,0.000936227718440005,0.891675547592418,0.107388224689142,1
81,35,1,0.859798629285132,0.14018711468657,1.4256028298108e-05,2
78,59,2,0.00631618424401619,0.910488837160811,0.0831949785951733,3
72,28,1,0.962259474744996,0.0377402432237439,2.82031260528859e-07,2
70,37,1,0.655918496975906,0.344050345948016,3.11570760779263e-05,1
88,56,2,0.025275833498591,0.909292120289178,0.0654320462122311,3
66,60,2,0.00253440744099157,0.943617356254169,0.0538482363048396,1
91,49,2,0.183018182631716,0.807828748639024,0.0091530687292597,2
75,56,2,0.0128286092140035,0.95700905130026,0.0301623394857364,3
76,42,2,0.402008269528444,0.597651777677059,0.000339952794496502,2
92,35,1,0.919133401922189,0.0808500651711207,1.65329066902687e-05,2
70,52,2,0.0293960708500683,0.963708676031739,0.00689525311819293,1
80,41,1,0.525727342365995,0.474012899797655,0.000259757836349508,2
66,28,1,0.947942452763483,0.0520572814732726,2.65763244609708e-07,1
104,26,1,0.996260754033248,0.00373912689864849,1.19068103965276e-07,2
88,44,2,0.431224609362685,0.567536750170673,0.00123864046664295,2
97,61,2,0.00744667127595453,0.641664077005178,0.350889251718867,3
73,50,2,0.0586852225026106,0.936786199458879,0.00452857803851094,1
80,37,1,0.769606574675169,0.230354058616761,3.93667080696028e-05,2
71,21,1,0.994013262625796,0.00598673191004539,5.46415857849402e-09,2
82,52,2,0.0556231217366074,0.930117502825913,0.0142593754374796,3
71,39,1,0.537385151813585,0.462534923358119,7.99248282960208e-05,1
99,26,1,0.995056013359937,0.00494387203780203,1.14602261337101e-07,2
73,42,2,0.36231979802253,0.637380541380703,0.000299660596766955,1
63,40,2,0.360167950494983,0.639743044333061,8.90051719557946e-05,1
74,46,2,0.166164599412131,0.832498068719669,0.00133733186820032,1
86,56,2,0.0228325819962042,0.918929030842365,0.058238387161431,3
86,23,1,0.995514295209574,0.00448568578477406,1.90056518252471e-08,2
84,57,2,0.0154445146832963,0.916127332411691,0.0684281529050128,3
87,52,2,0.0719545038943061,0.90890382345875,0.0191416726469436,3
77,43,2,0.350481485667797,0.648992132366016,0.00052638196618649,2
79,27,1,0.980294133061477,0.0197056952931994,1.716453232692e-07,2
102,59,2,0.0184377780438723,0.691481184169563,0.290081037786565,3
92,85,3,2.70507846974849e-08,0.00230548819262943,0.997694484756586,3
69,65,2,0.000617427333896885,0.770974389949008,0.228408182717095,3
86,41,1,0.608105183101495,0.391580708964032,0.000314107934472816,2
90,71,3,6.67348218964582e-05,0.134123786609503,0.8658094785686,3
86,59,2,0.00934579411235425,0.860042727620105,0.130611478267541,3
70,67,2,0.000311693618934853,0.638658589586883,0.361029716794182,3
68,47,2,0.0975097083687514,0.901166884779324,0.00132340685192482,1
87,30,1,0.971493035660875,0.0285059754470499,9.88892075198029e-07,2
89,32,1,0.956457365082676,0.0435395639202335,3.07099709043972e-06,2
77,43,2,0.350481485667797,0.648992132366016,0.00052638196618649,2
89,24,1,0.995008360934275,0.00499160482483878,3.42408859613642e-08,2
66,56,2,0.00788648531808294,0.974766258804847,0.01734725587707,1
81,65,2,0.000959491431950471,0.611112511535521,0.387927997032529,3
90,30,1,0.975801827769401,0.0241971566441759,1.01558642311375e-06,2
75,28,1,0.967917996370263,0.0320817135685161,2.90061221390703e-07,2
67,62,2,0.00147389213985518,0.90047556915053,0.0980505387096148,1
85,34,1,0.910005818467786,0.0899853655555009,8.81597671277422e-06,2
62,49,2,0.0425538831000861,0.955729131941128,0.00171698495878609,1
67,55,2,0.0109941293577846,0.975186554933776,0.0138193157084394,1
73,39,1,0.565127749775799,0.434786945440633,8.53047835686322e-05,1
65,46,2,0.107429493796059,0.891761622556494,0.000808883647447337,1
73,60,2,0.0036392936701344,0.914924110683698,0.0814365956461674,3
92,56,2,0.0308546283581917,0.886870589423549,0.0822747822182599,3
77,42,2,0.415556822511616,0.58408915618479,0.000354021303593921,2
82,38,1,0.739337210803943,0.260595123190701,6.76660053565754e-05,2
87,38,1,0.789669804435718,0.210255197464013,7.49981002696239e-05,2
71,43,2,0.278226733028094,0.721373559130096,0.000399707841810245,1
88,42,1,0.568433424599846,0.431041226953467,0.000525348446686368,2
82,32,1,0.936838240112723,0.0631589038035217,2.85608375506854e-06,2
90,34,1,0.930485819072681,0.0695048265952922,9.35433202646301e-06,2
74,48,2,0.102874922927724,0.89455181455924,0.00257326251303581,1
68,49,2,0.0585399952249321,0.938990714844005,0.00246928993106251,1
79,44,2,0.314143171864908,0.68501265565748,0.000844172477611961,2
73,30,1,0.939533123712001,0.0604660140912491,8.62196749772051e-07,2
84,48,2,0.166976425019097,0.82852594997418,0.00449762500672269,3
73,44,2,0.24656111017978,0.752805113464603,0.000633776355617214,1
89,76,3,4.39102113681247e-06,0.0370434520086493,0.962952156970214,3
83,44,2,0.36429501191991,0.63469662207784,0.00100836600224954,2
64,72,3,3.30536887667031e-05,0.3763361289216,0.623630817389633,1
73,71,3,6.00359196636264e-05,0.313156192664505,0.686783771415831,3
90,60,2,0.00811396084209374,0.785967053922912,0.205918985234995,3
76,48,2,0.113662216926827,0.883452280966379,0.00288550210679397,1
55,42,2,0.171531253516285,0.828344579963326,0.000124166520388608,1
84,68,3,0.000285981880036854,0.351967008848877,0.647747009271086,3
95,38,1,0.854645467399564,0.14526841071366,8.61218867753664e-05,2
78,39,1,0.632378188480929,0.367522755609236,9.9055909834484e-05,2
83,69,3,0.000176070406175583,0.301953406114692,0.697870523479133,3
87,51,2,0.0931182143216225,0.892830385579799,0.0140514000985785,3
82,53,2,0.0425865069221528,0.938166889344074,0.019246603733773,3
95,46,2,0.391883650845024,0.604431835133365,0.00368451402161151,2
80,39,1,0.658046105011193,0.341849280813722,0.000104614175085537,2
76,29,1,0.960352449430905,0.0396470394359464,5.11133148574785e-07,2
77,44,2,0.29051669563064,0.708714096077089,0.000769208292270752,2
80,60,2,0.00514615291508257,0.873572879024795,0.121280968060123,3
82,29,1,0.971359455564201,0.0286400039609619,5.40474837096933e-07,2
90,90,3,1.6149639112351e-09,0.000611086911022225,0.999388911474014,3
72,67,2,0.000332437603086616,0.608866366156077,0.390801196240836,3
88,40,1,0.695795779662851,0.303997313065432,0.000206907271716844,2
99,49,2,0.258340778232464,0.727950774694031,0.0137084470735056,2
71,48,2,0.0883872371488251,0.909450452262725,0.00216231058845013,1
89,71,3,6.66446422893578e-05,0.141671679896631,0.858261675461079,3
84,49,2,0.131848590224101,0.861890455737021,0.00626095403887848,3
97,29,1,0.987449480548554,0.0125499054906167,6.13960828982528e-07,2
93,57,2,0.0240747214057465,0.861910805656842,0.114014472937412,3
74,48,2,0.102874922927724,0.89455181455924,0.00257326251303581,1
85,25,1,0.991796058239738,0.0082038833463659,5.84138964224794e-08,2
89,32,1,0.956457365082676,0.0435395639202335,3.07099709043972e-06,2
69,54,2,0.0161534152451489,0.972157410971248,0.0116891737836031,1
81,32,1,0.933436280267857,0.066560895010517,2.82472162572074e-06,2
89,21,1,0.997810796995916,0.00218919673714211,6.26694148794079e-09,2
61,41,2,0.276369688415173,0.723511678226197,0.000118633358629526,1
94,24,1,0.996224692337909,0.00377527208648338,3.55756072617303e-08,2
77,62,2,0.00237380710512156,0.827573614719912,0.170052578174966,3
103,71,3,6.55529384401996e-05,0.0635341079309851,0.936400339130575,3
82,37,1,0.788893833636519,0.21106521111222,4.09552512617729e-05,2
61,36,1,0.602520111914067,0.397464699992461,1.51880934728245e-05,1
84,77,3,2.58213479103478e-06,0.0379903213774229,0.962007096487786,3
96,32,1,0.97017604283235,0.02982067642779,3.28073985943635e-06,2
74,21,1,0.994935929776454,0.00506406463148014,5.59206595000648e-09,2
81,36,1,0.823160059977188,0.176815878504341,2.40615184700466e-05,2
74,37,1,0.70464938000501,0.295316142056046,3.44779389433364e-05,2
96,33,1,0.961076278332097,0.0389179921768214,5.72949108125135e-06,2
89,54,2,0.0466509500161252,0.914203087257713,0.0391459627261621,3
84,65,2,0.0010497151027123,0.565012444825059,0.433937840072229,3
72,57,2,0.00824079787209889,0.958351577555022,0.0334076245728792,1
70,21,1,0.993669985895459,0.00633000868256074,5.42198031348842e-09,2
80,24,1,0.991756705558475,0.00824326251252992,3.19289948004e-08,2
73,66,2,0.000503231291321511,0.661438322692041,0.338058446016637,3
72,37,1,0.680777765612586,0.319189414062026,3.282032538829e-05,1
74,51,2,0.0475745605608339,0.945905250537805,0.00652018890136097,1
95,42,1,0.660941038611121,0.338415625138081,0.000643336250798381,2
85,62,2,0.00333814867791455,0.742935086325759,0.253726764996326,3
95,54,2,0.063000228966799,0.88173342878299,0.0552663422502107,3
85,54,2,0.0379630546187364,0.931110768881634,0.0309261764996298,3
72,59,2,0.00464168017512103,0.936875887215815,0.0584824326090642,3
73,45,2,0.198929112837421,0.800169426577608,0.000901460584970596,1
74,54,2,0.0211805852744699,0.962914396480821,0.0159050182447092,3
100,24,1,0.997300793584793,0.00269916918347096,3.723173657012e-08,2
62,42,2,0.234658990589505,0.765162111236686,0.00017889817380883,1
82,43,2,0.416606547719288,0.582744162198429,0.000649290082283038,2
59,31,1,0.843195176278025,0.156803593893852,1.22982812288073e-06,1
78,71,3,6.32421627619565e-05,0.249191967688845,0.750744790148393,3
86,55,2,0.0303065810663726,0.925844961653054,0.0438484572805732,3
76,62,2,0.00226832832170681,0.836433903158475,0.161297768519818,3
82,36,1,0.831177857958271,0.168797665612651,2.44764290778927e-05,2
71,33,1,0.858639225618587,0.141356520502441,4.2538789720415e-06,1
86,58,2,0.0126936981774684,0.886678876116727,0.100627425705805,3
79,28,1,0.974200320318987,0.025799378962074,3.00718938893638e-07,2
70,60,2,0.00312141002501473,0.928564973869561,0.068313616105424,1
62,50,2,0.0326163006444376,0.965063640849563,0.00232005850599945,1
61,43,2,0.180342652499795,0.819416751306979,0.000240596193225688,1
81,55,2,0.0233451601515389,0.944105853127185,0.0325489867212756,3
68,36,1,0.691824886083293,0.308156747038201,1.83668785057582e-05,1
78,65,2,0.000869503529613572,0.655307185470805,0.343823310999582,3
76,53,2,0.0309808176436707,0.955626028667112,0.0133931536892169,3
83,40,1,0.633447485341212,0.366370993262577,0.000181521396211027,2
78,34,1,0.872253443682701,0.127738532860877,8.02345642142146e-06,2
71,44,2,0.226331914577787,0.773094858538117,0.000573226884095795,1
76,40,1,0.538549260858714,0.461304206228931,0.000146532912354783,2
66,47,2,0.0880858659578545,0.910736199800171,0.00117793424197415,1
95,31,1,0.975914747169755,0.024083394679954,1.85815029048035e-06,2
79,33,1,0.904893877528281,0.0951013658910575,4.75658066134624e-06,2
72,70,3,9.40744812459184e-05,0.393967636132227,0.605938289386527,3
82,53,2,0.0425865069221528,0.938166889344074,0.019246603733773,3
77,41,2,0.483703606146309,0.516062649373186,0.000233744480504491,2
80,42,2,0.45689146781688,0.542710555083901,0.000397977099218868,2
67,44,2,0.189481999614692,0.81005210618211,0.000465894203198139,1
79,31,1,0.942902539610544,0.0570958656485288,1.59474092698901e-06,2
74,42,2,0.375371906844275,0.624315330643835,0.000312762511889743,1
95,34,1,0.94657808795659,0.0534120370633797,9.87498002998209e-06,2
74,49,2,0.0800013026073395,0.916470859915193,0.00352783747746715,1
79,48,2,0.131673082109456,0.864909104643129,0.00341781324741558,3
83,36,1,0.838903198623751,0.161071913875035,2.48875012131162e-05,2
86,72,3,3.91855603072689e-05,0.129856290934817,0.870104523504876,3
87,28,1,0.98337459007658,0.0166250878504292,3.22072990318391e-07,2
70,56,2,0.00980193167495135,0.967989510269249,0.0222085580557997,1
69,67,2,0.000301388934925465,0.653179659552503,0.346518951512571,3
83,48,2,0.159362589990971,0.836376531881624,0.00426087812740533,3
94,37,1,0.879876904301186,0.120073173101967,4.99225968472667e-05,2
76,57,2,0.0101943764468012,0.947236137513696,0.0425694860395024,3
99,34,1,0.95685083189671,0.0431388859180539,1.0282185235628e-05,2
84,23,1,0.994984338514337,0.00501564276932796,1.87163350127923e-08,2
70,70,3,9.06415783623669e-05,0.424663737909066,0.575245620512572,3
91,42,1,0.609095309299315,0.390329119368568,0.000575571332117901,2
77,33,1,0.894789709400548,0.105205656263707,4.63433574515199e-06,2
75,24,1,0.989116584644952,0.0108833846683028,3.06867452091302e-08,2
83,43,2,0.430284323217665,0.569040086253233,0.000675590529102151,2
73,46,2,0.158549570628672,0.840183797511333,0.00126663185999535,1
74,56,2,0.0121598008030571,0.959461233890815,0.0283789653061274,3
73,62,2,0.00197285025749861,0.860821968274756,0.137205181467745,3
81,63,2,0.0020078055240987,0.736801448122679,0.261190746353222,3
80,55,2,0.0221440783872521,0.947209281085802,0.030646640526946,3
84,38,1,0.760367263361673,0.239562107796064,7.06288422622993e-05,2
87,26,1,0.990353084480524,0.00964681115528729,1.04364188474538e-07,2
89,69,3,0.000186239495999114,0.228106857602283,0.771706902901718,3
91,75,3,7.57717295193937e-06,0.0433709060704267,0.956621516756621,3
75,51,2,0.0501606954124466,0.942913594738812,0.00692570984874129,1
65,49,2,0.0499462749686099,0.947993206843179,0.0020605181882117,1
93,28,1,0.988069523944714,0.0119301377452071,3.38310078472018e-07,2
79,59,2,0.00664200806960601,0.905221233282134,0.0881367586482601,3
77,34,1,0.865871042703599,0.134121051298954,7.90599744753893e-06,2
81,77,3,2.61924418361427e-06,0.0455998645604163,0.9543975161954,3
75,35,1,0.814125473308726,0.185861614467747,1.29122235272165e-05,2
82,56,2,0.0185708783554479,0.93544315150848,0.0459859701360719,3
90,69,3,0.000187497628643781,0.217119000622814,0.782693501748542,3
62,54,2,0.0110111476236733,0.981423231343255,0.00756562103307174,1
68,55,2,0.0116106581846578,0.973686615026467,0.0147027267888752,1
70,45,2,0.173487471244163,0.825743627696273,0.000768901059564463,1
73,23,1,0.990742758612387,0.00925722420866323,1.71789496498136e-08,2
56,35,1,0.601367400598187,0.398624313154384,8.28624742887375e-06,1
84,49,2,0.131848590224101,0.861890455737021,0.00626095403887848,3
68,44,2,0.198242388477125,0.801266555298175,0.000491056224700065,1
91,76,3,4.3456823091586e-06,0.0327698831758132,0.967225771141878,3
88,48,2,0.200309011849345,0.794133353693076,0.00555763445757898,2
89,45,2,0.378161113857201,0.619909714419733,0.00192917172306671,2
77,44,2,0.29051669563064,0.708714096077089,0.000769208292270752,2
60,40,2,0.322367008829012,0.677555077312117,7.79138588714084e-05,1
70,40,2,0.45462424932959,0.545257427380693,0.000118323289716171,1
72,29,1,0.9508681877322,0.0491313209502124,4.91317587977629e-07,2
99,43,1,0.649044658106666,0.349808117873471,0.00114722401986219,2
96,32,1,0.97017604283235,0.02982067642779,3.28073985943635e-06,2
70,37,1,0.655918496975906,0.344050345948016,3.11570760779263e-05,1
79,27,1,0.980294133061477,0.0197056952931994,1.716453232692e-07,2
67,49,2,0.0555320401456419,0.942142827494894,0.00232513235946349,1
61,49,2,0.0403301757732889,0.958054565642029,0.00161525858468217,1
58,76,3,4.49741335306205e-06,0.215977392894045,0.784018109692602,1
59,52,2,0.0161334643453769,0.980378188520165,0.00348834713445777,1
78,30,1,0.95363732535783,0.0463617664990784,9.0814309125504e-07,2
87,47,2,0.23817538127757,0.758103838080943,0.00372078064148714,2
66,48,2,0.0682842328992272,0.930105966095664,0.00160980100510888,1
82,65,2,0.000989633225304727,0.595922577656749,0.403087789117946,3
82,57,2,0.0139419262383796,0.925195175533799,0.0608628982278214,3
101,66,3,0.000908477123236385,0.248215930750114,0.75087559212665,3
61,21,1,0.989555610287863,0.010444384660667,5.05147033794954e-09,1
82,47,2,0.191253433355748,0.805867380914413,0.0028791857298397,2
65,53,2,0.0170726285455163,0.976124041989908,0.0068033294645763,1
78,48,2,0.125416760713467,0.871351833074103,0.00323140621242923,3
71,24,1,0.986415756591821,0.0135842136982278,2.97099512314272e-08,2
88,63,2,0.00259205973597845,0.642276921399343,0.355131018864679,3
102,31,1,0.983608123419849,0.0163899041641206,1.97241603015845e-06,2
87,60,2,0.00712037244389464,0.816145614699684,0.176734012856421,3
67,50,2,0.0426896054168145,0.954159287711362,0.00315110687182349,1
84,61,2,0.00449478908031047,0.803143942823431,0.192361268096258,3
84,91,3,9.57619711014354e-10,0.000668414516835026,0.999331584525545,3
82,33,1,0.918423534956055,0.0815715289175201,4.93612642482493e-06,2
89,38,1,0.807693254855383,0.192228890972685,7.78541719318359e-05,2
84,21,1,0.997103987301613,0.00289600666347226,6.03491471219753e-09,2
67,56,2,0.00832831141119679,0.973216453037143,0.0184552355516603,1
83,52,2,0.0585900121368057,0.926278414631667,0.0151315732315275,3
62,54,2,0.0110111476236733,0.981423231343255,0.00756562103307174,1
79,59,2,0.00664200806960601,0.905221233282134,0.0881367586482601,3
67,48,2,0.071933531032144,0.926358033850459,0.0017084351173967,1
95,29,1,0.985980210784841,0.0140191851785317,6.04036627078711e-07,2
86,27,1,0.986608336565734,0.0133914814944247,1.81939841512335e-07,2
95,42,1,0.660941038611121,0.338415625138081,0.000643336250798381,2
59,42,2,0.205796548622188,0.794050003551071,0.00015344782674082,1
69,21,1,0.993307158345271,0.00669283627470735,5.38002109115375e-09,2
86,39,1,0.729298275418019,0.270580516520089,0.000121208061891658,2
85,53,2,0.0498025311494821,0.92718413406564,0.0230133347848775,3
70,52,2,0.0293960708500683,0.963708676031739,0.00689525311819293,1
77,25,1,0.987208430595578,0.0127915146045121,5.47999096782525e-08,2
91,33,1,0.949116036696466,0.0508785107398796,5.45256365387032e-06,2
73,36,1,0.74822146140499,0.251757925363024,2.06132319864457e-05,1
90,22,1,0.997274700167279,0.00272528870837373,1.11243471878198e-08,2
75,66,2,0.000538307444763365,0.632445486368918,0.367016206186318,3
90,53,2,0.0643377508282432,0.904811140823471,0.030851108348286,3
72,57,2,0.00824079787209889,0.958351577555022,0.0334076245728792,1
98,29,1,0.988126027328026,0.0118733537249653,6.18947008616314e-07,2
72,37,1,0.680777765612586,0.319189414062026,3.282032538829e-05,1
81,74,3,1.34919712797812e-05,0.10272735355801,0.89725915447071,3
86,23,1,0.995514295209574,0.00448568578477406,1.90056518252471e-08,2
104,53,2,0.125883998075894,0.807159871943625,0.0669561299804806,3
82,37,1,0.788893833636519,0.21106521111222,4.09552512617729e-05,2
88,61,2,0.00532341691605148,0.760005163672307,0.234671419411641,3
72,69,3,0.000146340301308987,0.465186427617153,0.534667232081538,3
80,46,2,0.218028468437684,0.780137081045755,0.00183445051656048,2
80,27,1,0.981349158017819,0.0186506688752424,1.73106939050709e-07,2
55,46,2,0.0642926147629231,0.935257843415375,0.000449541821701609,1
78,53,2,0.0344701410857546,0.950405960875561,0.0151238980386846,3
85,50,2,0.108383922716952,0.882475319885162,0.00914075739788628,3
79,61,2,0.00358702819080131,0.848479534932473,0.147933436876726,3
68,50,2,0.0450327658910997,0.951618466845049,0.00334876726385122,1
85,52,2,0.0649619060235545,0.918010630486851,0.0170274634895946,3
77,48,2,0.119415259696072,0.877530660000809,0.00305408030311807,3
93,42,1,0.635413996657451,0.363976604844528,0.000609398498020924,2
78,53,2,0.0344701410857546,0.950405960875561,0.0151238980386846,3
79,79,3,8.69844312543712e-07,0.029404198465304,0.970594931690384,3
71,48,2,0.0883872371488251,0.909450452262725,0.00216231058845013,1
66,45,2,0.143649144563886,0.85573277644615,0.00061807898996372,1
80,43,2,0.389648609268989,0.609753040992565,0.000598349738446305,2
47,61,2,0.000685993095680659,0.976990621496503,0.0223233854078158,1
88,65,2,0.00116703666435436,0.501895220265862,0.496937743069784,3
80,52,2,0.0501004410296268,0.937244738428575,0.0126548205417983,3
99,77,3,2.36593842338874e-06,0.0150047914486036,0.984992842612973,3
76,52,2,0.0405533304287973,0.949502247184227,0.0099444223869761,3
72,74,3,1.33631891875903e-05,0.168578167310376,0.831408469500437,3
79,43,2,0.376406150215098,0.623020098944717,0.000573750840184984,2
60,64,2,0.000565703947409258,0.888378836839545,0.111055459213046,1
70,63,2,0.00124825871798782,0.849068946251818,0.149682795030194,3
70,77,3,2.71627604896555e-06,0.0876538491845397,0.912343434539411,3
61,66,2,0.000313228625606374,0.807155454711113,0.192531316663281,1
73,65,2,0.000724771245176067,0.723097809753518,0.276177419001306,3
74,65,2,0.000752928915574545,0.710208008855107,0.289039062229319,3
82,47,2,0.191253433355748,0.805867380914413,0.0028791857298397,2
48,35,2,0.490591970195931,0.5094016586862,6.37111786938373e-06,1
65,59,2,0.00320630584175773,0.958436423014283,0.0383572711439599,1
98,38,1,0.874318147828582,0.125591769119893,9.00830515247574e-05,2
78,45,2,0.247327903432792,0.751509046877386,0.00116304968982138,2
86,48,2,0.183062112255517,0.811933427352619,0.00500446039186383,2
70,30,1,0.929234255339057,0.0707649106467478,8.34014195072472e-07,1
82,26,1,0.987269213247757,0.0127306864939558,1.00258286806881e-07,2
75,31,1,0.929550447587389,0.0704480261302217,1.52628238938642e-06,2
63,60,2,0.00216287201484911,0.952892290378012,0.0449448376071388,1
77,28,1,0.971225066472384,0.0287746381336007,2.95394015199141e-07,2
77,39,1,0.619245768834335,0.380657947812717,9.62833529485338e-05,2
74,67,2,0.000353203670256639,0.578239886279883,0.42140691004986,3
66,63,2,0.00103226756960178,0.878797153299963,0.120170579130435,1
72,57,2,0.00824079787209889,0.958351577555022,0.0334076245728792,1
74,30,1,0.942642731041273,0.0573563974800614,8.71478665503329e-07,2
66,56,2,0.00788648531808294,0.974766258804847,0.01734725587707,1
91,53,2,0.0676622853935233,0.899651328189176,0.0326863864173008,3
79,45,2,0.257899512801278,0.740878712782405,0.0012217744163171,2
65,52,2,0.0224089803527786,0.972525706881062,0.00506531276615966,1
75,55,2,0.0169609351225897,0.960418768019854,0.022620296857556,3
67,43,2,0.2354919526854,0.764179605473648,0.000328441840952052,1
72,55,2,0.0144281544404491,0.966752122193571,0.0188197233659801,1
79,42,2,0.443018733137854,0.556598220119344,0.000383046742802596,2
76,21,1,0.995470979679279,0.00452901464218342,5.67853721820245e-09,2
62,33,1,0.785689298291959,0.214307060151311,3.64155673046331e-06,1
84,73,3,2.30121244644504e-05,0.112395332319238,0.887581655556298,3
83,51,2,0.076064128251488,0.912792837955111,0.0111430337934004,3
77,50,2,0.0722872337415944,0.921966892078428,0.00574587417997741,3
70,43,2,0.26710865170042,0.73251044352527,0.000380904774309159,1
67,56,2,0.00832831141119679,0.973216453037143,0.0184552355516603,1
73,57,2,0.00869315694058552,0.955803503505977,0.035503339553437,3
80,49,2,0.108370171077087,0.886633933043756,0.0049958958791565,3
60,53,2,0.012974875759229,0.982042621311953,0.00498250292881766,1
80,25,1,0.989168412816669,0.0108315310414083,5.61419225729582e-08,2
82,26,1,0.987269213247757,0.0127306864939558,1.00258286806881e-07,2
65,63,2,0.000983276356524811,0.885393759257543,0.113622964385932,1
70,55,2,0.0129456784170037,0.970416496095742,0.0166378254872543,1
60,48,2,0.0497644342726652,0.94911334387233,0.00112222185500465,1
72,42,2,0.349467182057675,0.650245919215385,0.000286898726939724,1
104,24,1,0.997842178508831,0.00215778311952637,3.8371642677342e-08,2
88,29,1,0.979376249162463,0.0206231811493906,5.696881466552e-07,2
56,29,1,0.887479866539039,0.112519726123005,4.07337956451954e-07,1
60,53,2,0.012974875759229,0.982042621311953,0.00498250292881766,1
84,35,1,0.878883678502376,0.121101421738278,1.4899759345254e-05,2
71,47,2,0.113325908133225,0.885101482770252,0.00157260909652293,1
81,64,2,0.00140097294107075,0.677304868587172,0.321294158471758,3
67,60,2,0.00267083496907946,0.940160578634337,0.0571685863965839,1
63,44,2,0.157406112666121,0.842218154164669,0.000375733169210047,1
70,51,2,0.038435426076097,0.956450633233315,0.005113940690588,1
62,83,3,1.02377449939817e-07,0.0270564714610749,0.972943426161475,3
58,49,2,0.0343068420114609,0.964349320874005,0.00134383711453367,1
66,30,1,0.912980564344401,0.0870186401406264,7.955149723984e-07,1
62,47,2,0.0716677195127406,0.927401864855585,0.000930415631674003,1
78,53,2,0.0344701410857546,0.950405960875561,0.0151238980386846,3
105,31,1,0.986111666819384,0.0138863113323134,2.02184830295806e-06,2
77,37,1,0.738428511793681,0.261534546008175,3.69421981431208e-05,2
87,54,2,0.0421046301718246,0.923083637123675,0.0348117327045002,3
74,59,2,0.00514921069640519,0.929005974342389,0.0658448149612056,3
81,71,3,6.46475599535931e-05,0.21527121254421,0.784664139895837,3
75,43,2,0.325407739630309,0.674110719562733,0.000481540806958094,1
63,48,2,0.0583401725962272,0.94031466904485,0.00134515835892316,1
59,51,2,0.0211648849193973,0.976239316245525,0.00259579883507794,1
86,54,2,0.0399850378690747,0.927199543920201,0.0328154182107242,3
68,70,3,8.69906380704564e-05,0.455952120013774,0.543960889348156,3
70,56,2,0.00980193167495135,0.967989510269249,0.0222085580557997,1
95,35,1,0.930790205910902,0.0691926754780384,1.7118611059807e-05,2
76,44,2,0.279103972941937,0.720162487517793,0.000733539540270711,1
89,33,1,0.943416655750318,0.0565780040896828,5.34015999897359e-06,2
66,50,2,0.0404626852925072,0.956572617515722,0.00296469719177082,1
63,29,1,0.921141678738618,0.0788578759843809,4.45277000886985e-07,1
69,65,2,0.000617427333896885,0.770974389949008,0.228408182717095,3
82,45,2,0.291325301177436,0.707263576170465,0.00141112265209981,2
84,43,2,0.44406816225181,0.555229423976465,0.000702413771725208,2
62,66,2,0.00032716760231652,0.797079299166858,0.202593533230825,1
75,58,2,0.00725779593704894,0.93970701972628,0.0530351843366715,3
83,65,2,0.00101973180632525,0.58054653274639,0.418433735447284,3
71,42,2,0.336829268071579,0.662896248143753,0.000274483784668141,1
88,51,2,0.0978754962773035,0.88724548502831,0.0148790186943869,3
81,37,1,0.779401358340459,0.220558477670471,4.01639890693762e-05,2
86,37,1,0.823845250555197,0.176110694153098,4.4055291704855e-05,2
72,52,2,0.0327416893187097,0.959463730768978,0.0077945799123121,1
64,43,2,0.206560277574791,0.79315795994519,0.000281762480019128,1
84,30,1,0.966443351661547,0.0335556861956102,9.62142842777801e-07,2
63,50,2,0.0344283845180913,0.963104461638884,0.00246715384302503,1
79,72,3,3.84732508479336e-05,0.188819712504976,0.811141814244176,3
71,28,1,0.960168426112395,0.0398312945450371,2.79342568274772e-07,2
92,49,2,0.191442502139878,0.79891196559375,0.00964553226637228,2
59,47,2,0.0612560897721545,0.937966130482354,0.000777779745491643,1
58,42,2,0.196780194861225,0.803074162449394,0.00014564268938128,1
69,45,2,0.165597771849352,0.833673708148569,0.000728520002079406,1
82,28,1,0.978109233889168,0.0218904574042248,3.08706607635307e-07,2
69,70,3,8.88414732673809e-05,0.440248589017308,0.559662569509425,3
47,34,1,0.545361002292045,0.454635009966516,3.98774143837329e-06,1
54,47,2,0.0469868594883671,0.952438221036594,0.000574919475039326,1
86,58,2,0.0126936981774684,0.886678876116727,0.100627425705805,3
82,41,1,0.553575744121258,0.446146658188141,0.000277597690600952,2
73,56,2,0.011524170757149,0.961778708242863,0.0266971209999874,3
94,30,1,0.980571140566505,0.0194278082082736,1.05122522107816e-06,2
86,56,2,0.0228325819962042,0.918929030842365,0.058238387161431,3
80,51,2,0.0651754719271061,0.925486360014709,0.00933816805818475,3
86,61,2,0.00489827838882155,0.782345396003634,0.212756325607545,3
96,23,1,0.997435370909649,0.00256460858470091,2.0505650323821e-08,2
78,67,2,0.000394009208458701,0.515384319462814,0.484221671328727,3
63,51,2,0.026329549185199,0.970344162037297,0.00332628877750416,1
81,30,1,0.960535470692196,0.0394635940518026,9.35256001411444e-07,2
66,46,2,0.11292267873632,0.886220758778644,0.000856562485035863,1
90,45,2,0.391392481038046,0.606596010570045,0.00201150839190848,2
82,51,2,0.0722637492233293,0.91722804196985,0.0105082088068208,3
80,42,2,0.45689146781688,0.542710555083901,0.000397977099218868,2
76,53,2,0.0309808176436707,0.955626028667112,0.0133931536892169,3
88,51,2,0.0978754962773035,0.88724548502831,0.0148790186943869,3
84,49,2,0.131848590224101,0.861890455737021,0.00626095403887848,3
76,67,2,0.000373794635645896,0.546999460350364,0.45262674501399,3
51,34,1,0.600211657817359,0.399783821450825,4.52073181626168e-06,1
92,30,1,0.978314331428314,0.0216846351813931,1.03339029242105e-06,2
57,60,2,0.00156799704708039,0.967264491603383,0.0311675113495369,1
93,31,1,0.973131954783708,0.0268662195979609,1.82561833085026e-06,2
77,41,2,0.483703606146309,0.516062649373186,0.000233744480504491,2
89,33,1,0.943416655750318,0.0565780040896828,5.34015999897359e-06,2
72,51,2,0.0427743941093911,0.951449454644925,0.00577615124568384,1
85,74,3,1.34072358072598e-05,0.0815627633601352,0.918423829404058,3
73,70,3,9.57005076383739e-05,0.378912082333624,0.620992217158738,3
67,63,2,0.00108323514341827,0.871875747355751,0.127041017500831,1
63,30,1,0.898646985629278,0.101352248545098,7.65825623730492e-07,1
68,65,2,0.000592083682951704,0.781990891910785,0.217417024406264,1
69,44,2,0.207303802202268,0.79217888012149,0.000517317676242184,1
98,65,3,0.0014185634702589,0.348122673507628,0.650458763022113,3
85,50,2,0.108383922716952,0.882475319885162,0.00914075739788628,3
78,48,2,0.125416760713467,0.871351833074103,0.00323140621242923,3
63,56,2,0.00669316155667492,0.978907831566881,0.0143990068764444,1
78,47,2,0.159026056695895,0.838649776331801,0.00232416697230436,3
73,38,1,0.631283620869992,0.368662326810801,5.40523192067738e-05,1
69,53,2,0.0212347457460973,0.970049006172746,0.0087162480811566,1
79,60,2,0.00490336382147278,0.880389949595526,0.114706686583001,3
81,39,1,0.670551477200612,0.329341128386783,0.000107394412604957,2
70,53,2,0.0224198093753256,0.968309122243446,0.00927106838122835,1
78,41,2,0.4977157619855,0.502041935017879,0.000242302996620763,2
69,40,2,0.440756663488949,0.559129468646991,0.000113867864060023,1
90,48,2,0.218726665194058,0.775114168591556,0.00615916621438654,2
81,44,2,0.338769164981526,0.660306906992808,0.000923928025665721,2
69,33,1,0.84446525488805,0.155530622945849,4.122166101012e-06,1
77,52,2,0.0427654950604649,0.946669690061417,0.010564814878118,3
97,59,2,0.0151956373791945,0.754420040209123,0.230384322411683,3
83,30,1,0.964575625299304,0.0354234215005892,9.53200107167741e-07,2
77,67,2,0.000383961538671264,0.531223225686945,0.468392812774383,3
50,67,2,0.000137127583184774,0.862890545664603,0.136972326752212,1
77,52,2,0.0427654950604649,0.946669690061417,0.010564814878118,3
80,44,2,0.326336996152631,0.672779547231337,0.000883456616032229,2
69,45,2,0.165597771849352,0.833673708148569,0.000728520002079406,1
56,36,1,0.533818389724166,0.466168643007822,1.29672680124011e-05,1
96,56,2,0.0374356619371367,0.85974061047316,0.102823727589703,3
78,52,2,0.0450907647861808,0.943687207406302,0.0112220278075169,3
84,42,1,0.512829723741622,0.486710147233983,0.000460129024394783,2
60,40,2,0.322367008829012,0.677555077312117,7.79138588714084e-05,1
105,63,3,0.00397051607462797,0.379077260495698,0.616952223429674,3
84,51,2,0.0800435865244233,0.908143270873193,0.0118131426023839,3
71,39,1,0.537385151813585,0.462534923358119,7.99248282960208e-05,1
85,29,1,0.975688011611982,0.0243114333119152,5.55076102460436e-07,2
59,61,2,0.00131061613890834,0.952077136667959,0.0466122471931323,1
82,39,1,0.682819671174054,0.317070156900669,0.00011017192527635,2
79,51,2,0.0618752805204202,0.929324787188533,0.00879993229104712,3
77,61,2,0.00326516828405449,0.864054538115507,0.132680293600438,3
80,23,1,0.993730423528092,0.00626955832461889,1.81472886016057e-08,2
69,39,1,0.509408426301422,0.490516923413403,7.46502851755352e-05,1
98,80,3,4.38674839680621e-07,0.00672838179239634,0.993271179532764,3
92,32,1,0.962951845242145,0.0370449934673048,3.1612905502667e-06,2
78,51,2,0.0587296248469888,0.932979430328252,0.00829094482475926,3
83,36,1,0.838903198623751,0.161071913875035,2.48875012131162e-05,2
72,48,2,0.0930000908158013,0.904707842543872,0.00229206664032653,1
71,28,1,0.960168426112395,0.0398312945450371,2.79342568274772e-07,2
68,60,2,0.00281397398692699,0.936505990040196,0.060680035972877,1
74,47,2,0.13132683385534,0.866809830449189,0.00186333569547072,1
94,50,2,0.166544612634493,0.818441744925592,0.0150136424399154,3
74,76,3,4.633454821826e-06,0.0906814358483764,0.909313930696802,3
69,58,2,0.00528317255932903,0.957788297718123,0.0369285297225478,1
80,43,2,0.389648609268989,0.609753040992565,0.000598349738446305,2
82,37,1,0.788893833636519,0.21106521111222,4.09552512617729e-05,2
70,49,2,0.0650173308455388,0.932199245959052,0.00278342319540945,1
68,58,2,0.00500776240468475,0.960246976058293,0.0347452615370225,1
68,23,1,0.987781889950833,0.0122180935439972,1.65051700291739e-08,2
69,22,1,0.99120137872176,0.00879861181370615,9.46453433706961e-09,2
103,59,2,0.0191177842026428,0.677867539072117,0.30301467672524,3
69,64,2,0.000863061505421517,0.8180318669798,0.181105071514778,3
85,32,1,0.946094304249652,0.0539027466685976,2.94908174996813e-06,2
92,46,2,0.352822913738615,0.64393269071728,0.00324439554410524,2
78,66,2,0.00059136782628337,0.587160589341428,0.412248042832288,3
79,89,3,3.08546142461639e-09,0.00164264675520806,0.99835735015933,3
64,41,2,0.31125220852927,0.688611183854559,0.00013660761617025,1
57,51,2,0.0189669884849639,0.978740968311569,0.0022920432034668,1
59,55,2,0.00708568221596561,0.984520016440921,0.00839430134311316,1
87,65,2,0.00113824338226613,0.517759642305707,0.481102114312027,3
88,65,2,0.00116703666435436,0.501895220265862,0.496937743069784,3
79,35,1,0.845721135891004,0.154265047601341,1.38165076549989e-05,2
77,57,2,0.010746326253346,0.944045900820732,0.0452077729259224,3
76,73,3,2.27252825930435e-05,0.173866884028431,0.826110390688976,3
75,36,1,0.76876320263036,0.231215302282003,2.14950876362218e-05,2
76,61,2,0.00311300027391472,0.871323138573443,0.125563861152642,3
70,52,2,0.0293960708500683,0.963708676031739,0.00689525311819293,1
53,43,2,0.123172820052402,0.876672304572192,0.000154875375406081,1
81,47,2,0.1827585891323,0.81451040340949,0.00273100745821017,2
96,49,2,0.227988737203203,0.760179140905052,0.0118321218917452,2
80,40,1,0.593587792028766,0.406245845212604,0.000166362758630599,2
85,23,1,0.995256677243884,0.00474330389553706,1.88605788177727e-08,2
76,67,2,0.000373794635645896,0.546999460350364,0.45262674501399,3
66,60,2,0.00253440744099157,0.943617356254169,0.0538482363048396,1
62,45,2,0.118203897315636,0.881302347888046,0.000493754796317626,1
78,53,2,0.0344701410857546,0.950405960875561,0.0151238980386846,3
90,41,1,0.6600524533848,0.339596358300351,0.000351188314849034,2
77,33,1,0.894789709400548,0.105205656263707,4.63433574515199e-06,2
70,49,2,0.0650173308455388,0.932199245959052,0.00278342319540945,1
83,49,2,0.12560727881007,0.868472138094611,0.00592058309531926,3
80,51,2,0.0651754719271061,0.925486360014709,0.00933816805818475,3
87,29,1,0.97821212421247,0.0217873109737222,5.64813808097448e-07,2
83,51,2,0.076064128251488,0.912792837955111,0.0111430337934004,3
90,52,2,0.0837032743311013,0.893529484759464,0.0227672409094346,3
77,48,2,0.119415259696072,0.877530660000809,0.00305408030311807,3
69,45,2,0.165597771849352,0.833673708148569,0.000728520002079406,1
79,24,1,0.991285174873704,0.00871479344788672,3.16784089030157e-08,2
76,53,2,0.0309808176436707,0.955626028667112,0.0133931536892169,3
70,52,2,0.0293960708500683,0.963708676031739,0.00689525311819293,1
78,66,2,0.00059136782628337,0.587160589341428,0.412248042832288,3
73,26,1,0.97908211378659,0.0209177931957007,9.30177090824412e-08,2
55,34,1,0.652659317289365,0.347335619193714,5.06351692101485e-06,1
81,44,2,0.338769164981526,0.660306906992808,0.000923928025665721,2
65,52,2,0.0224089803527786,0.972525706881062,0.00506531276615966,1
63,57,2,0.00506399933279024,0.975730226772065,0.0192057738951451,1
78,41,2,0.4977157619855,0.502041935017879,0.000242302996620763,2
70,48,2,0.0839812637610916,0.913979368379364,0.00203936785954444,1
84,43,2,0.44406816225181,0.555229423976465,0.000702413771725208,2
75,50,2,0.0651594711180993,0.929737343395925,0.00510318548597586,1
58,47,2,0.058111145257716,0.941156449503682,0.000732405238601759,1
99,42,1,0.709168149524275,0.290120823737153,0.000711026738572106,2
54,46,2,0.0610006759466035,0.938575946032502,0.000423378020894812,1
76,28,1,0.969615084189073,0.0303846230818781,2.92729048569229e-07,2
62,53,2,0.0144834204745143,0.979871810233172,0.00564476929231375,1
76,55,2,0.0178956077826245,0.958060193349341,0.0240441988680344,3
66,34,1,0.776927321631975,0.223066139313135,6.53905488932674e-06,1
73,48,2,0.0978269532352372,0.899744101395647,0.00242894536911549,1
65,61,2,0.00179535746510583,0.931452137285711,0.0667525052491831,1
83,36,1,0.838903198623751,0.161071913875035,2.48875012131162e-05,2
72,65,2,0.000697103822130896,0.735627671654399,0.26367522452347,3
69,49,2,0.0616996247451903,0.93567846829186,0.00262190696294957,1
64,48,2,0.0614942398392974,0.937077341570039,0.00142841859066318,1
71,68,2,0.000216906487633919,0.553572503446035,0.446210590066332,3
64,63,2,0.000936227718440005,0.891675547592418,0.107388224689142,1
75,48,2,0.108151033754258,0.88912362683324,0.00272533941250134,1
77,42,2,0.415556822511616,0.58408915618479,0.000354021303593921,2
82,63,2,0.00208767258576625,0.724313720764501,0.273598606649733,3
81,43,2,0.403054881655337,0.596321582374343,0.000623535970320312,2
74,43,2,0.313224582451447,0.686315324464017,0.00046009308453664,1
88,49,2,0.159441425377071,0.832759777927802,0.00779879669512712,3
77,60,2,0.00444607940323921,0.893073445925353,0.102480474671408,3
68,37,1,0.630174642509613,0.369795863262099,2.94942282880755e-05,1
63,61,2,0.0016179943785098,0.939108182021356,0.0592738236001344,1
59,55,2,0.00708568221596561,0.984520016440921,0.00839430134311316,1
81,37,1,0.779401358340459,0.220558477670471,4.01639890693762e-05,2
79,49,2,0.103099101591763,0.892183059051097,0.0047178393571402,3
68,26,1,0.972495222184543,0.0275046887811791,8.90342780919138e-08,1
48,23,1,0.96340339763281,0.0365965884849323,1.38822572751136e-08,1
62,42,2,0.234658990589505,0.765162111236686,0.00017889817380883,1
76,45,2,0.227069495194646,0.771878413950863,0.00105209085449071,1
77,61,2,0.00326516828405449,0.864054538115507,0.132680293600438,3
99,24,1,0.997145483269783,0.00285447977886735,3.6951349467976e-08,2
85,30,1,0.96821584472637,0.0317831842032943,9.710703361308e-07,2
81,87,3,9.43956070572371e-09,0.00258818663448525,0.997411803925954,3
91,21,1,0.99804269673056,0.0019572969075337,6.36190624546065e-09,2
73,71,3,6.00359196636264e-05,0.313156192664505,0.686783771415831,3
73,54,2,0.0200678714534114,0.964973830785983,0.0149582977606052,1
79,38,1,0.705632912018494,0.294303925272443,6.31627090629224e-05,2
